lag1_rel,lag2_rel,lag3_rel,lag4_rel,wow_pct_lag1,wow_pct_lag2,roll4_cv,month_sin,month_cos,week_sin,week_cos,is_onset_zone,is_peak_zone,covid_suppressed,flu_search_index_lag1,target_rel_h1,target_rel_h2,target_rel_h3,target_rel_h4,weekly_admissions_h1,weekly_admissions_h2,weekly_admissions_h3,weekly_admissions_h4,target,date,season,weekly_admissions,roll4,wow_pct
1.32004497557869,-1.5040773967762742,-4.069026754237811,-4.069026754237811,100.0,100.0,1.8634683194768193,-0.8660254037844386,0.5000000000000001,0.6736956436465572,0.7390089172206591,1,0,1,11.666666666666666,1.992430164690206,2.1005839782536455,2.3042930353392013,2.2390716872717196,428.0,477.0,585.0,548.0,6.061456918928017,2020-10-31,2020-21,428.0,57.5,96.3302752293578
0.9524857241108995,0.2801005349993835,-2.5440218373555807,-5.1089711948171175,96.3302752293578,100.0,1.228961244641757,-0.5000000000000004,0.8660254037844384,0.7980172272802395,0.6026346363792564,1,0,1,11.666666666666666,1.060639537674339,1.2643485947598947,1.199127246692413,1.274535440066888,477.0,585.0,548.0,591.0,6.169610732491456,2020-11-07,2020-21,477.0,164.5,11.448598130841114
0.5179991301641653,0.4098453166007259,-0.26253987251079014,-3.0866622448657544,11.448598130841114,96.3302752293578,0.7512610231517474,-0.5000000000000004,0.8660254037844384,0.8951632913550623,0.4457383557765383,1,0,1,7.666666666666667,0.7217081872497211,0.6564868391822394,0.7318950325567144,0.7079622663450866,585.0,548.0,591.0,577.0,6.373319789577012,2020-11-14,2020-21,585.0,283.75,22.64150943396226
0.3141965939952156,0.11048753690965984,0.0023337233462203955,-0.6700514657652956,22.64150943396226,11.448598130841114,0.36065066857757383,-0.5000000000000004,0.8660254037844384,0.961825643172819,0.273662990072083,1,0,1,7.666666666666667,0.2489752459277339,0.3243834393022089,0.30045067309058116,0.3477567904875176,548.0,591.0,577.0,605.0,6.3080984415095305,2020-11-21,2020-21,548.0,427.0,-6.3247863247863245
0.07270780390481058,0.13792915197229227,-0.06577990511326348,-0.17393371867670293,-6.3247863247863245,22.64150943396226,0.13823284379689935,-0.5000000000000004,0.8660254037844384,0.9957341762950345,0.09226835946330202,1,0,1,7.666666666666667,0.1481159972792856,0.12418323106765783,0.1714893484645943,0.44295147704961213,591.0,577.0,605.0,794.0,6.3835066348840055,2020-11-28,2020-21,591.0,509.5,7.8467153284671465
0.07131820812294976,-0.004089985251525263,0.061131362815956436,-0.14257769426959932,7.8467153284671465,-6.3247863247863245,0.09523793796263628,-2.4492935982947064e-16,1.0,0.9957341762950346,-0.09226835946330189,1,0,1,7.666666666666667,0.04738544191132199,0.09469155930825846,0.3661536878932763,0.46203545959655834,577.0,605.0,794.0,874.0,6.359573868672378,2020-12-05,2020-21,577.0,550.25,-2.368866328257191
0.003032274361519427,0.026965040573147192,-0.04844315280132783,0.016778195266153872,-2.368866328257191,7.8467153284671465,0.03311668287682378,-2.4492935982947064e-16,1.0,0.961825643172819,-0.2736629900720829,1,1,1,7.0,0.05033839175845589,0.32180052034347373,0.4176822920467558,0.24875632663734315,605.0,794.0,874.0,738.0,6.406879986069314,2020-12-12,2020-21,605.0,575.25,4.8526863084922045
0.0416990291677477,-0.005607088229188761,0.018325677982439004,-0.057082515392036015,4.8526863084922045,-2.368866328257191,0.04196446397024313,-2.4492935982947064e-16,1.0,0.8951632913550626,-0.4457383557765378,0,1,1,7.0,0.31316115775276554,0.4090429294560476,0.24011696404663496,0.13610871363882282,794.0,874.0,738.0,665.0,6.678342114654332,2020-12-19,2020-21,794.0,580.25,31.23966942148759
0.21258626850833284,-0.058875860076684994,-0.10618197747362146,-0.0822492112619937,31.23966942148759,4.8526863084922045,0.15916112194704643,-2.4492935982947064e-16,1.0,0.7980172272802396,-0.6026346363792563,0,1,1,7.0,0.3084680402116149,0.13954207480220227,0.03553382439439012,0.027997993705686675,874.0,738.0,665.0,660.0,6.774223886357614,2020-12-26,2020-21,874.0,641.75,10.075566750629728
0.204041449440723,0.10815967773744095,-0.16330245084757689,-0.21060856824451335,10.075566750629728,31.23966942148759,0.20280742224610063,0.49999999999999994,0.8660254037844387,0.6736956436465571,-0.7390089172206593,0,1,1,7.0,0.03511548403131037,-0.06889276637650177,-0.07642859706520522,-0.26756346117198593,738.0,665.0,660.0,545.0,6.6052979209482015,2021-01-02,2020-21,738.0,712.5,-15.560640732265451
-0.01976282709319399,0.14916313831621864,0.05328136661293659,-0.21818076197208125,-15.560640732265451,10.075566750629728,0.15039763814719567,0.49999999999999994,0.8660254037844387,0.5264321628773561,-0.850217135729614,0,1,1,5.0,-0.12377107750100613,-0.13130690818970958,-0.3224417722964903,-0.23818142867875025,665.0,660.0,545.0,593.0,6.501289670540389,2021-01-09,2020-21,665.0,752.75,-9.891598915989164
-0.14347614858033797,-0.03946789817252583,0.1294580672368868,0.03357629553360475,-9.891598915989164,-15.560640732265451,0.1150853245201977,0.49999999999999994,0.8660254037844387,0.3612416661871533,-0.9324722294043557,0,1,1,5.0,-0.15101197926904142,-0.34214684337582213,-0.2578864997580821,-0.3967229446122982,660.0,545.0,593.0,516.0,6.493753839851686,2021-01-16,2020-21,660.0,767.75,-0.7518796992481258
-0.1064567375824188,-0.09892090689371535,0.005087343514096787,0.1740133089235094,-0.7518796992481258,-9.891598915989164,0.13585874217949304,0.49999999999999994,0.8660254037844387,0.18374951781657037,-0.9829730996839018,0,0,1,5.0,-0.2975916016891995,-0.21333125807145947,-0.35216770292567556,-0.4201939237815324,545.0,593.0,516.0,482.0,6.302618975744905,2021-01-23,2020-21,545.0,734.25,-17.42424242424242
-0.1789581535315259,0.012176710575254823,0.019712541263958272,0.12372079167177041,-17.42424242424242,-0.7518796992481258,0.12230893909680193,0.49999999999999994,0.8660254037844387,1.2246467991473532e-16,-1.0,0,0,1,5.0,-0.09469780991378585,-0.23353425476800194,-0.3015604756238588,-0.30363301522583086,593.0,516.0,482.0,481.0,6.386879319362645,2021-01-30,2020-21,593.0,652.0,8.807339449541285
-0.03758443604682071,-0.12184477966456075,0.06929008444221996,0.0768259151309234,8.807339449541285,-17.42424242424242,0.09332554911031431,0.8660254037844386,0.5000000000000001,-0.18374951781657012,-0.9829730996839018,0,0,1,5.0,-0.1764208809010368,-0.24444710175689366,-0.24651964135886573,-0.21185765965794712,516.0,482.0,481.0,498.0,6.248042874508429,2021-02-06,2020-21,516.0,615.75,-12.98482293423272
-0.11412278827137712,0.024713656582838972,-0.05954668703490107,0.13158817707187964,-12.98482293423272,8.807339449541285,0.10878336964852083,0.8660254037844386,0.5000000000000001,-0.3612416661871527,-0.9324722294043559,0,0,1,4.0,-0.18214900912723397,-0.18422154872920604,-0.14955956702828743,-0.21583640511090874,482.0,481.0,498.0,466.0,6.180016653652572,2021-02-13,2020-21,482.0,578.5,-6.5891472868217065
-0.10225009324343404,-0.03422387238757718,0.10461257246663891,0.020352228848898868,-6.5891472868217065,-12.98482293423272,0.08803490092541717,0.8660254037844386,0.5000000000000001,-0.5264321628773558,-0.8502171357296141,0,0,1,4.0,-0.1043226328454061,-0.0696606511444875,-0.1359374892271088,-0.22782740062663542,481.0,498.0,466.0,425.0,6.1779441140506,2021-02-20,2020-21,481.0,534.0,-0.20746887966804906
-0.07395976911528823,-0.07188722951331616,-0.0038610086574593083,0.13497543619675678,-0.20746887966804906,-6.5891472868217065,0.1015059799786086,0.8660254037844386,0.5000000000000001,-0.6736956436465572,-0.7390089172206591,0,0,1,4.0,-0.03929778741436962,-0.10557462549699093,-0.19746453689651755,-0.2188176613670869,498.0,466.0,425.0,416.0,6.212606095751519,2021-02-27,2020-21,498.0,518.0,3.534303534303529
0.007543410172858422,-0.027118571528060187,-0.02504603192608812,0.04298018892976874,3.534303534303529,-0.20746887966804906,0.033302066502377506,1.0,6.123233995736766e-17,-0.7980172272802389,-0.6026346363792572,0,0,1,4.0,-0.05873342790976288,-0.1506233393092895,-0.17197646377985887,-0.24922531611382936,466.0,425.0,416.0,385.0,6.1463292576688975,2021-03-06,2020-21,466.0,494.25,-6.425702811244982
-0.03316966363972629,0.033107174442895015,-0.0015548072580235939,0.0005177323439484738,-6.425702811244982,3.534303534303529,0.02713754045187912,1.0,6.123233995736766e-17,-0.895163291355062,-0.44573835577653886,0,0,1,3.3333333333333335,-0.1250595750392529,-0.14641269950982227,-0.22366155184379277,-0.26599591567035397,425.0,416.0,385.0,369.0,6.054439346269371,2021-03-13,2020-21,425.0,481.75,-8.798283261802576
-0.09509675540910578,-0.0032068440095791573,0.06306999407304215,0.028408012372123537,-8.798283261802576,-6.425702811244982,0.06674573746994773,1.0,6.123233995736766e-17,-0.961825643172819,-0.2736629900720831,0,0,1,3.3333333333333335,-0.11644987987967514,-0.19369873221364564,-0.23603309604020684,-0.05596633163334097,416.0,385.0,369.0,442.0,6.0330862217988015,2021-03-20,2020-21,416.0,467.5,-2.117647058823524
-0.08114890247660345,-0.059795778006034084,0.03209413339349254,0.09837097147611384,-2.117647058823524,-8.798283261802576,0.08423725094723379,1.0,6.123233995736766e-17,-0.9957341762950346,-0.09226835946330192,0,0,1,3.3333333333333335,-0.15839775481057394,-0.20073211863713514,-0.020665354230269273,-0.07875369175064861,385.0,369.0,442.0,417.0,5.955837369464831,2021-03-27,2020-21,385.0,451.25,-7.451923076923073
-0.09389608576712671,-0.016647233433156217,0.004705891037413146,0.09659580243693977,-7.451923076923073,-2.117647058823524,0.07895178868568818,0.8660254037844387,-0.49999999999999983,-0.9957341762950345,0.09226835946330243,0,0,1,3.3333333333333335,-0.1362304495936879,0.04383631481317796,-0.014252022707201384,0.15280206195596513,369.0,442.0,417.0,493.0,5.91350300563827,2021-04-03,2020-21,369.0,423.0,-4.155844155844157
-0.07733634607579365,-0.035001982249232455,0.04224687008473804,0.0635999945553074,-4.155844155844157,-7.451923076923073,0.06572813821558747,0.8660254037844387,-0.49999999999999983,-0.961825643172819,0.2736629900720828,0,0,1,3.3333333333333335,0.10273041833107222,0.044642080810692875,0.2116961654738594,0.0635999945553074,442.0,417.0,493.0,425.0,6.093569770045136,2021-04-10,2020-21,442.0,398.75,19.783197831978327
0.0921548920839852,-0.08791187232288067,-0.045577508496319474,0.03167134383765102,19.783197831978327,-4.155844155844157,0.08066106606540932,0.8660254037844387,-0.49999999999999983,-0.8951632913550626,0.4457383557765377,0,0,1,3.3333333333333335,0.034066554563605855,0.20112063922677237,0.053024468308220385,-0.1578704609297903,417.0,493.0,425.0,344.0,6.035481432524756,2021-04-17,2020-21,417.0,403.0,-5.65610859728507
0.03344793406754043,0.09153627158791977,-0.0885304928189461,-0.0461961289923849,-5.65610859728507,19.783197831978327,0.08095046233629806,0.8660254037844387,-0.49999999999999983,-0.7980172272802397,0.6026346363792562,0,0,1,3.3333333333333335,0.20050201873070694,0.05240584781215496,-0.15848908142585572,-0.22748195291280737,493.0,425.0,344.0,321.0,6.202535517187923,2021-04-24,2020-21,493.0,403.25,18.225419664268582
0.13584754884235295,-0.031206535820813563,0.026881801699565777,-0.1531849627073001,18.225419664268582,-5.65610859728507,0.12004335333794947,0.49999999999999994,-0.8660254037844387,-0.6736956436465578,0.7390089172206585,0,0,1,3.3333333333333335,-0.012248622076199034,-0.2231435513142097,-0.29213642280116137,-0.3562609509707002,425.0,344.0,321.0,301.0,6.054439346269371,2021-05-01,2020-21,425.0,430.25,-13.793103448275868
-0.0441965759004006,0.10389959501815138,-0.06315448964501513,-0.005066152124635792,-13.793103448275868,18.225419664268582,0.07682808230175799,0.49999999999999994,-0.8660254037844387,-0.5264321628773562,0.8502171357296139,0,0,1,3.0,-0.2550915051384113,-0.32408437662536294,-0.3882089047949018,-0.40827646784571137,344.0,321.0,301.0,295.0,5.84354441703136,2021-05-08,2020-21,344.0,444.25,-19.05882352941176
-0.19849441603955498,0.012400513198455698,0.16049668411700768,-0.006557400546158831,-19.05882352941176,-13.793103448275868,0.145166663840192,0.49999999999999994,-0.8660254037844387,-0.36124166618715303,0.9324722294043558,0,0,1,3.0,-0.26748728752650663,-0.3316118156960455,-0.35167937874685506,,321.0,301.0,295.0,,5.7745515455444085,2021-05-15,2020-21,321.0,419.75,-6.686046511627907
-0.20875481386211003,-0.13976194237515838,0.0711329868628523,0.21922915778140428,-6.686046511627907,-19.05882352941176,0.19885050328299028,0.49999999999999994,-0.8660254037844387,-0.18374951781657006,0.9829730996839018,0,0,1,3.0,-0.2728793420316489,-0.29294690508245846,,,301.0,295.0,,,5.71042701737487,2021-05-22,2020-21,301.0,395.75,-6.230529595015577
-0.14392831576070542,-0.07980378759116658,-0.010810916104214918,0.20008401313379576,-6.230529595015577,-6.686046511627907,0.15647535792101377,0.49999999999999994,-0.8660254037844387,-2.4492935982947064e-16,1.0,0,0,1,3.0,-0.163995878811515,,,,295.0,,,,5.69035945432406,2021-05-29,2020-21,295.0,347.75,-1.9933554817275767
0.0936691911964962,-0.014127379259210926,0.015247229420693564,-0.10484109294737642,11.413043478260864,-2.902374670184693,0.08183170679896992,-0.8660254037844386,0.5000000000000001,0.6736956436465572,0.7390089172206591,1,0,0,8.0,-0.033279811473966525,0.0936691911964962,0.2896840751224534,0.3327435645829011,361.0,410.0,499.0,521.0,5.8916442118257715,2021-10-30,2021-22,361.0,373.25,-11.951219512195122
-0.0498419654759692,0.07710703719449352,-0.030689533261213597,-0.001314924581309107,-11.951219512195122,11.413043478260864,0.057025060476519736,-0.5000000000000004,0.8660254037844384,0.7980172272802395,0.6026346363792564,1,0,0,8.0,0.07710703719449352,0.27312192112045075,0.31618141058089844,0.5262125488026133,410.0,499.0,521.0,643.0,6.018593214496234,2021-11-06,2021-22,410.0,379.5,13.573407202216071
0.0569437524674381,-0.07000525020302462,0.0569437524674381,-0.05085281798826902,13.573407202216071,-11.951219512195122,0.06823607623872852,-0.5000000000000004,0.8660254037844384,0.8951632913550623,0.4457383557765383,1,0,0,7.0,0.25295863639339533,0.296018125853843,0.5060492640755578,0.9600087221223328,499.0,521.0,643.0,1013.0,6.214608098422191,2021-11-13,2021-22,499.0,387.25,21.707317073170728
0.17197526473981029,-0.024039619186146943,-0.15098862185660966,-0.024039619186146943,21.707317073170728,13.573407202216071,0.1369271893293169,-0.5000000000000004,0.8660254037844384,0.961825643172819,0.273662990072083,1,0,0,7.0,0.21503475420025797,0.4250658924219728,0.8790253504687477,1.0672466293898903,521.0,643.0,1013.0,1223.0,6.257667587882639,2021-11-20,2021-22,521.0,420.0,4.4088176352705455
0.1512016480801508,0.10814215861970311,-0.08787272530625412,-0.21482172797671684,4.4088176352705455,21.707317073170728,0.16784009993293908,-0.5000000000000004,0.8660254037844384,0.9957341762950345,0.09226835946330202,1,0,0,7.0,0.3612327863018656,0.8151922443486406,1.0034135232697832,1.1906250653579296,643.0,1013.0,1223.0,1475.0,6.467698726104354,2021-11-27,2021-22,643.0,447.75,23.416506717850293
0.21531326334813183,0.005282125126417014,-0.03777736433403067,-0.2337922482599879,23.416506717850293,4.4088176352705455,0.18527479282326542,-2.4492935982947064e-16,1.0,0.9957341762950346,-0.09226835946330189,1,0,0,7.0,0.6692727213949068,0.8574940003160494,1.0447055424041958,1.3394762521337116,1013.0,1223.0,1475.0,1981.0,6.921658184151129,2021-12-04,2021-22,1013.0,518.25,57.54276827371696
0.41438047176611725,-0.0395789862806577,-0.24961012450237252,-0.2926696139628202,57.54276827371696,23.416506717850293,0.3556334135118332,-2.4492935982947064e-16,1.0,0.961825643172819,-0.2736629900720829,1,1,0,9.333333333333334,0.6026017506872599,0.7898132927754062,1.084584002504922,1.4200466479247824,1223.0,1475.0,1981.0,2771.0,7.1098794630722715,2021-12-11,2021-22,1223.0,669.0,20.730503455083916
0.363467334498897,0.1752460555777544,-0.27871340246902054,-0.48874454069073536,20.730503455083916,57.54276827371696,0.3823004488854193,-2.4492935982947064e-16,1.0,0.8951632913550626,-0.4457383557765378,0,1,0,9.333333333333334,0.5506788765870434,0.8454495863165592,1.1809122317364196,0.8509841916394203,1475.0,1981.0,2771.0,1992.0,7.297091005160418,2021-12-18,2021-22,1475.0,850.0,20.60506950122649
0.3036168507757431,0.11640530868759669,-0.07181597023354591,-0.5257754282803209,20.60506950122649,20.730503455083916,0.323350783674028,-2.4492935982947064e-16,1.0,0.7980172272802396,-0.6026346363792563,0,1,0,9.333333333333334,0.5983875605052589,0.9338502059251192,0.60392216582812,0.4162677996962483,1981.0,2771.0,1992.0,1651.0,7.591861714889934,2021-12-25,2021-22,1981.0,1088.5,34.305084745762706
0.33063662291801243,0.035865913188496634,-0.15134562889964975,-0.33956690782079235,34.305084745762706,20.60506950122649,0.2931835500734435,0.49999999999999994,0.8660254037844387,0.6736956436465571,-0.7390089172206593,0,1,0,9.333333333333334,0.6660992683378728,0.33617122824087353,0.14851686210900183,-0.2268371620564178,2771.0,1992.0,1651.0,1134.0,7.927324360309794,2022-01-01,2021-22,2771.0,1423.0,39.87884906612822
0.3971126413904811,0.06164999597062071,-0.2331207137588951,-0.4203322558470415,39.87884906612822,34.305084745762706,0.36658875581047456,0.49999999999999994,0.8660254037844387,0.5264321628773561,-0.850217135729614,0,1,0,8.0,0.0671846012934818,-0.12046976483838989,-0.4958237890038095,-0.6726976563739226,1992.0,1651.0,1134.0,950.0,7.597396320212795,2022-01-08,2021-22,1992.0,1862.5,-28.112594731143993
-0.030999703638210363,0.2989283364587889,-0.03653430896107146,-0.33130501869058726,-28.112594731143993,39.87884906612822,0.2603458881891721,0.49999999999999994,0.8660254037844387,0.3612416661871533,-0.9324722294043557,0,1,0,8.0,-0.21865406977008206,-0.5940080939355017,-0.7708819613056148,-0.6344630486278158,1651.0,1134.0,950.0,1089.0,7.409741954080923,2022-01-15,2021-22,1651.0,2054.75,-17.11847389558233
-0.23983161492481386,-0.052177248792942166,0.2777507913040571,-0.05771185411580326,-17.11847389558233,-28.112594731143993,0.2264565202090449,0.49999999999999994,0.8660254037844387,0.18374951781657037,-0.9829730996839018,0,0,0,8.0,-0.6151856390902335,-0.7920595064603466,-0.6556405937825476,-0.5916756315938807,1134.0,950.0,1089.0,1161.0,7.034387929915503,2022-01-22,2021-22,1134.0,2098.75,-31.31435493640218
-0.5088854167899424,-0.13353139262452274,0.05412297350734896,0.38405101360434823,-31.31435493640218,-17.11847389558233,0.3639772457007171,0.49999999999999994,0.8660254037844387,1.2246467991473532e-16,-1.0,0,0,0,8.0,-0.6857592841600555,-0.5493403714822565,-0.4853754092935896,-0.23138718262828117,950.0,1089.0,1161.0,1497.0,6.85751406254539,2022-01-29,2021-22,950.0,1887.0,-16.225749559082892
-0.4098368908864565,-0.23296302351634335,0.14239100064907628,0.330045366780948,-16.225749559082892,-31.31435493640218,0.3331835521122402,0.8660254037844386,0.5000000000000001,-0.18374951781657012,-0.9829730996839018,0,0,0,8.0,-0.27341797820865743,-0.20945301601999056,0.044535210645317846,0.11539549630706514,1089.0,1161.0,1497.0,1607.0,6.993932975223189,2022-02-05,2021-22,1089.0,1431.75,14.631578947368418
-0.10196024587434227,-0.2383791585521413,-0.06150529118202819,0.31384873298339144,14.631578947368418,-16.225749559082892,0.2544195928291623,0.8660254037844386,0.5000000000000001,-0.3612416661871527,-0.9324722294043559,0,0,0,4.0,-0.037995283685675396,0.215992942979633,0.2868532286413803,0.3957522525076014,1161.0,1497.0,1607.0,1792.0,7.057897937411856,2022-02-12,2021-22,1161.0,1206.0,6.6115702479338845
0.06902360714492684,0.005058644956259961,-0.13136026772153908,0.045513599648574043,6.6115702479338845,14.631578947368418,0.08659372763049256,0.8660254037844386,0.5000000000000001,-0.5264321628773558,-0.8502171357296141,0,0,0,4.0,0.32301183381023524,0.39387211947198253,0.5027711433382036,0.6565233691617038,1497.0,1607.0,1792.0,2090.0,7.311886164077165,2022-02-19,2021-22,1497.0,1083.5,28.94056847545219
0.24264999417292454,-0.01133823249238386,-0.07530319468105073,-0.21172210735884978,28.94056847545219,6.6115702479338845,0.19783382668471403,0.8660254037844386,0.5000000000000001,-0.6736956436465572,-0.7390089172206591,0,0,0,4.0,0.31351027983467183,0.4224093037008929,0.5761615295243931,0.7990180956163728,1607.0,1792.0,2090.0,2612.0,7.382746449738912,2022-02-26,2021-22,1607.0,1174.25,7.348029392117561
0.18269476075424862,0.11183447509250133,-0.14215375157280707,-0.20611871376147395,7.348029392117561,28.94056847545219,0.1884971152783499,1.0,6.123233995736766e-17,-0.7980172272802389,-0.6026346363792572,0,0,0,4.0,0.2915937846204697,0.44534601044396993,0.6682025765359496,0.7755129695105385,1792.0,2090.0,2612.0,2908.0,7.491645473605133,2022-03-05,2021-22,1792.0,1338.5,11.512134411947738
0.16830975277373827,0.059410728907517196,-0.011449556754230095,-0.2654377834195385,11.512134411947738,7.348029392117561,0.17506880493779392,1.0,6.123233995736766e-17,-0.895163291355062,-0.44573835577653886,0,0,0,4.666666666666667,0.3220619785972385,0.5449185446892182,0.6522289376638071,0.6856949642383352,2090.0,2612.0,2908.0,3007.0,7.645397699428633,2022-03-12,2021-22,2090.0,1514.25,16.629464285714278
0.17945622532066796,0.02570399949716773,-0.08319502436905335,-0.15405531003080064,16.629464285714278,11.512134411947738,0.14849174410690072,1.0,6.123233995736766e-17,-0.961825643172819,-0.2736629900720831,0,0,0,4.666666666666667,0.40231279141264764,0.5096231843872365,0.5430892109617647,0.5857180827339876,2612.0,2908.0,3007.0,3138.0,7.868254265520613,2022-03-19,2021-22,2612.0,1746.5,24.97607655502392
0.254312192470727,0.031455626378747326,-0.12229659944475291,-0.23119562331097399,24.97607655502392,16.629464285714278,0.21669657009730817,1.0,6.123233995736766e-17,-0.9957341762950346,-0.09226835946330192,0,0,0,4.666666666666667,0.3616225854453159,0.395088612019844,0.437717483792067,0.48652281797947694,2908.0,3007.0,3138.0,3295.0,7.975564658495202,2022-03-26,2021-22,2908.0,2025.25,11.332312404287892
0.2127559571100992,0.10544556413551032,-0.11741100195646936,-0.2711632277799696,11.332312404287892,24.97607655502392,0.21398912755715024,0.8660254037844387,-0.49999999999999983,-0.9957341762950345,0.09226835946330243,0,0,0,4.666666666666667,0.24622198368462733,0.2888508554568503,0.33765618964426025,0.38534773853652204,3007.0,3138.0,3295.0,3456.0,8.00903068506973,2022-04-02,2021-22,3007.0,2350.5,3.404401650618971
0.12473659386808134,0.0912705672935532,-0.01603982568103568,-0.23889639177301536,3.404401650618971,11.332312404287892,0.15518506833556836,0.8660254037844387,-0.49999999999999983,-0.961825643172819,0.2736629900720828,0,0,0,5.333333333333333,0.1673654656403043,0.21617079982771426,0.26386234871997605,0.18222739926834475,3138.0,3295.0,3456.0,3185.0,8.051659556841953,2022-04-09,2021-22,3138.0,2654.25,4.356501496508147
0.07326288615573606,0.030634014383513097,-0.002832012191015032,-0.11014240516560392,4.356501496508147,3.404401650618971,0.07668757820602178,0.8660254037844387,-0.49999999999999983,-0.8951632913550626,0.4457383557765377,0,0,0,5.333333333333333,0.12206822034314602,0.1697597692354078,0.08812481978377651,0.08498115168081011,3295.0,3456.0,3185.0,3175.0,8.100464891029363,2022-04-16,2021-22,3295.0,2916.25,5.003186743148502
0.06518597988469566,0.0163806456972857,-0.026248226074937264,-0.059714252649465394,5.003186743148502,4.356501496508147,0.05430402058183378,0.8660254037844387,-0.49999999999999983,-0.7980172272802397,0.6026346363792562,0,0,0,5.333333333333333,0.11287752877695745,0.031242579325326147,0.028098911222359746,0.009026495845970928,3456.0,3185.0,3175.0,3115.0,8.148156439921625,2022-04-23,2021-22,3456.0,3087.0,4.8861911987860385
0.06946821069175257,0.021776661799490782,-0.027028672387919173,-0.06965754416014214,4.8861911987860385,5.003186743148502,0.06029136296057257,0.8660254037844387,-0.49999999999999983,-0.6736956436465578,0.7390089172206585,0,0,0,5.333333333333333,-0.012166738759878726,-0.015310406862845127,-0.034382822239233946,-0.031178718248449755,3185.0,3175.0,3115.0,3125.0,8.066521490469993,2022-04-30,2021-22,3185.0,3224.0,-7.841435185185186
-0.025870856531337694,0.055764092920293606,0.008072544028031814,-0.04073279015937814,-7.841435185185186,4.8861911987860385,0.04321782107425669,0.49999999999999994,-0.8660254037844387,-0.5264321628773562,0.8502171357296139,0,0,0,5.333333333333333,-0.029014524634304095,-0.04808694001069291,-0.04488283601990872,-0.17887132971743647,3175.0,3115.0,3125.0,2733.0,8.063377822367027,2022-05-07,2021-22,3175.0,3268.5,-0.31397174254317317
-0.03183970881405607,-0.028696040711089665,0.052938908740541635,0.005247359848279842,-0.31397174254317317,-7.841435185185186,0.039868408868615084,0.49999999999999994,-0.8660254037844387,-0.36124166618715303,0.9324722294043558,0,0,0,4.666666666666667,-0.050912124190444885,-0.047708020199660695,-0.18169651389718844,,3115.0,3125.0,2733.0,,8.044305406990638,2022-05-14,2021-22,3115.0,3277.75,-1.8897637795275646
-0.03709232650960104,-0.01801991113321222,-0.014876243030245817,0.06675870642138548,-1.8897637795275646,-0.31397174254317317,0.047021759800623876,0.49999999999999994,-0.8660254037844387,-0.18374951781657006,0.9829730996839018,0,0,0,4.666666666666667,-0.033888222518816846,-0.1678767162163446,,,3125.0,2733.0,,,8.047509510981422,2022-05-21,2021-22,3125.0,3232.75,0.32102728731941976
-0.007965630775851551,-0.011169734766635742,0.007902680609753077,0.011046348712719478,0.32102728731941976,-1.8897637795275646,0.011148839950108777,0.49999999999999994,-0.8660254037844387,-2.4492935982947064e-16,1.0,0,0,0,4.666666666666667,-0.1419541244733793,,,,2733.0,,,,7.913521017283895,2022-05-28,2021-22,2733.0,3150.0,-12.544
0.3866325698128801,0.08046568268699605,-0.16684822955502643,-0.5143906899304866,35.84229390681004,28.079571537872994,0.3722388432378018,-0.8660254037844386,0.5000000000000001,0.6736956436465572,0.7390089172206591,1,0,0,10.666666666666666,0.9968758104182562,1.4239148597396074,1.7146690117594048,1.9572611130516009,4187.0,6418.0,8584.0,10941.0,8.339978571990427,2022-10-29,2022-23,4187.0,1544.5,84.12489006156551
0.5729262826542554,-0.03731695795112078,-0.3434838450770048,-0.5907977573190273,84.12489006156551,35.84229390681004,0.5427833740452092,-0.5000000000000004,0.8660254037844384,0.7980172272802395,0.6026346363792564,1,0,0,10.666666666666666,0.9999653319756066,1.290719483995404,1.5333115852876,2.040860048276927,6418.0,8584.0,10941.0,18176.0,8.767017621311778,2022-11-05,2022-23,6418.0,2360.5,53.28397420587532
0.5674847258670077,0.14044567654565654,-0.4697975640597196,-0.7759644511856036,53.28397420587532,84.12489006156551,0.5883830644081076,-0.5000000000000004,0.8660254037844384,0.8951632913550623,0.4457383557765383,1,0,0,15.666666666666666,0.8582388778868051,1.1008309791790012,1.608379442168328,1.9987488781489198,8584.0,10941.0,18176.0,26856.0,9.057771773331575,2022-11-12,2022-23,8584.0,3638.25,33.74883141165472
0.469793983197377,0.1790398311775796,-0.24799921814377157,-0.8582424587491477,33.74883141165472,53.28397420587532,0.509396955160611,-0.5000000000000004,0.8660254037844384,0.961825643172819,0.273662990072083,1,0,0,15.666666666666666,0.7123860844895731,1.2199345474788998,1.6103039834594917,1.4997461514006556,10941.0,18176.0,26856.0,24045.0,9.300363874623772,2022-11-19,2022-23,10941.0,5365.75,27.458061509785647
0.37324885438242816,0.13065675309023206,-0.16009739892956532,-0.5871364482509165,27.458061509785647,33.74883141165472,0.384448642597052,-0.5000000000000004,0.8660254037844384,0.9957341762950345,0.09226835946330202,1,0,0,15.666666666666666,0.8807973173717549,1.2711667533523467,1.1606089212935107,1.0546290302605517,18176.0,26856.0,24045.0,21627.0,9.807912337613098,2022-11-26,2022-23,18176.0,7532.5,66.12741065716115
0.49947023130367185,-0.008078231685654913,-0.250670332977851,-0.5414244849976484,66.12741065716115,27.458061509785647,0.4632640606407925,-2.4492935982947064e-16,1.0,0.9957341762950346,-0.09226835946330189,1,0,0,15.666666666666666,0.8898396672842637,0.7792818352254276,0.6733019441924686,0.5781535785564831,26856.0,24045.0,21627.0,19664.0,10.19828177359369,2022-12-03,2022-23,26856.0,11029.75,47.75528169014085
0.5092103424225485,0.11884090644195666,-0.3887075565473701,-0.6312996578395662,47.75528169014085,66.12741065716115,0.5098139556118909,-2.4492935982947064e-16,1.0,0.961825643172819,-0.2736629900720829,1,1,0,15.333333333333334,0.3986525103637124,0.2926726193307534,0.1975242536947679,0.18909831338069694,24045.0,21627.0,19664.0,19499.0,10.087723941534854,2022-12-10,2022-23,24045.0,16139.25,-10.466934763181413
0.18396142680429506,0.29451925886313113,-0.09585017711746069,-0.6033986401067875,-10.466934763181413,47.75528169014085,0.3520087806366578,-2.4492935982947064e-16,1.0,0.8951632913550626,-0.4457383557765378,0,1,0,15.333333333333334,0.07798153577133604,-0.017166829864649458,-0.025592770178720414,-0.3489817364839869,21627.0,19664.0,19499.0,14111.0,9.981744050501895,2022-12-17,2022-23,21627.0,20004.5,-10.056144728633809
-0.04736242345839159,0.05861746757456743,0.1691752996334035,-0.22119413634718832,-10.056144728633809,-10.466934763181413,0.16242539053244193,-2.4492935982947064e-16,1.0,0.7980172272802396,-0.6026346363792563,0,1,0,15.333333333333334,-0.1425107890943771,-0.15093672940844804,-0.4743256957137145,-1.1489382260568366,19664.0,19499.0,14111.0,7187.0,9.88659568486591,2022-12-24,2022-23,19664.0,22676.0,-9.076617191473623
-0.15878197866983434,-0.06363361303384885,0.04234627799911017,0.15290411005794624,-9.076617191473623,-10.056144728633809,0.13481777859987387,-2.4492935982947064e-16,1.0,0.6736956436465571,-0.7390089172206593,0,1,0,15.333333333333334,-0.1672079189839053,-0.4905968852891718,-1.1652094156322939,-1.6324344934933048,19499.0,14111.0,7187.0,4504.0,9.878169744551839,2022-12-31,2022-23,19499.0,23048.0,-0.839096826688368
-0.0840465160444488,-0.07562057573037784,0.019527789905607662,0.12550768093856668,-0.839096826688368,-9.076617191473623,0.10012742587459686,0.49999999999999994,0.8660254037844387,0.5264321628773561,-0.850217135729614,0,1,0,15.333333333333334,-0.40743548234971527,-1.0820480126928373,-1.5492730905538483,-1.922413916859803,14111.0,7187.0,4504.0,3101.0,9.554780778246572,2023-01-07,2022-23,14111.0,21208.75,-27.632186265962353
-0.2829007835850188,0.04048818272024768,0.048914123034318635,0.14406248867030413,-27.632186265962353,-0.839096826688368,0.17219841886766216,0.49999999999999994,0.8660254037844387,0.3612416661871533,-0.9324722294043557,0,1,0,6.666666666666667,-0.9575133139281409,-1.4247383917891518,-1.7978792180951064,-1.9747995271901004,7187.0,4504.0,3101.0,2598.0,8.88016824790345,2023-01-14,2022-23,7187.0,18725.25,-49.06810289844802
-0.7433573551960357,-0.06874482485291367,0.2546441414523528,0.26307008176642377,-49.06810289844802,-27.632186265962353,0.38910645481894124,0.49999999999999994,0.8660254037844387,0.18374951781657037,-0.9829730996839018,0,0,0,6.666666666666667,-1.2105824330570467,-1.5837232593630013,-1.7606435684579953,-1.9336969343630015,4504.0,3101.0,2598.0,2185.0,8.412943170042439,2023-01-21,2022-23,4504.0,15115.25,-37.33129261165994
-0.9219351494938319,-0.45471007163282096,0.21990245871030112,0.5432914250155676,-37.33129261165994,-49.06810289844802,0.5993563632945654,0.49999999999999994,0.8660254037844387,1.2246467991473532e-16,-1.0,0,0,0,6.666666666666667,-1.2950759757997865,-1.4719962848947805,-1.6450496507997867,-1.7800197984955952,3101.0,2598.0,2185.0,1909.0,8.039802343736485,2023-01-28,2022-23,3101.0,11325.25,-31.15008880994672
-0.8457423544478164,-0.47260152814186185,-0.005376450280850875,0.6692360800622712,-31.15008880994672,-37.33129261165994,0.677186560654799,0.8660254037844386,0.5000000000000001,-0.18374951781657012,-0.9829730996839018,0,0,0,6.666666666666667,-1.0226626635428104,-1.1957160294478166,-1.3306861771436251,-1.4770141312896747,2598.0,2185.0,1909.0,1649.0,7.8628820346414905,2023-02-04,2022-23,2598.0,7225.75,-16.220574008384393
-0.5147042023883301,-0.33778389329333613,0.03535693301261844,0.5025820108736294,-16.220574008384393,-31.15008880994672,0.47329489339632486,0.8660254037844386,0.5000000000000001,-0.3612416661871527,-0.9324722294043559,0,0,0,4.666666666666667,-0.6877575682933363,-0.8227277159891448,-0.9690556701351944,-1.059710038403325,2185.0,1909.0,1649.0,1506.0,7.689828668736484,2023-02-11,2022-23,2185.0,4347.5,-15.896843725943032
-0.34868335224032965,-0.17562998633532345,0.001290322759670559,0.37443114906562514,-15.896843725943032,-16.220574008384393,0.32612791464387164,0.8660254037844386,0.5000000000000001,-0.5264321628773558,-0.8502171357296141,0,0,0,4.666666666666667,-0.48365349993613815,-0.6299814540821878,-0.7206358223503182,-0.8144872126909837,1909.0,1649.0,1506.0,1371.0,7.554858521040676,2023-02-18,2022-23,1909.0,3097.0,-12.631578947368416
-0.24867861318407591,-0.11370846548826741,0.05934490041673879,0.2362652095117328,-12.631578947368416,-15.896843725943032,0.21205579355646048,0.8660254037844386,0.5000000000000001,-0.6736956436465572,-0.7390089172206591,0,0,0,4.666666666666667,-0.3950065673301255,-0.48566093559825596,-0.5795123259389214,-0.5507747161715644,1649.0,1506.0,1371.0,1411.0,7.408530566894626,2023-02-25,2022-23,1649.0,2448.25,-13.619696176008379
-0.23459290808141908,-0.08826495393536948,0.04670519376043902,0.21975855966544522,-13.619696176008379,-12.631578947368416,0.19464825638882052,1.0,6.123233995736766e-17,-0.7980172272802389,-0.6026346363792572,0,0,0,4.666666666666667,-0.32524727634954953,-0.419098666690215,-0.39036105692285794,-0.44568812087945453,1506.0,1371.0,1411.0,1335.0,7.317876198626496,2023-03-04,2022-23,1506.0,2085.25,-8.671922377198305
-0.18499989561702623,-0.09434552734889579,0.05198242679715381,0.18695257449296232,-8.671922377198305,-13.619696176008379,0.16515420762775504,1.0,6.123233995736766e-17,-0.895163291355062,-0.44573835577653886,0,0,0,3.6666666666666665,-0.2788512859576917,-0.25011367619033464,-0.30544074014693123,-0.3397037033968795,1371.0,1411.0,1335.0,1290.0,7.22402480828583,2023-03-11,2022-23,1371.0,1812.25,-8.964143426294823
-0.15980935813246244,-0.06595796779179697,0.02469640047633348,0.17102435462238308,-8.964143426294823,-8.671922377198305,0.14303693040185708,1.0,6.123233995736766e-17,-0.961825643172819,-0.2736629900720831,0,0,0,3.6666666666666665,-0.13107174836510538,-0.18639881232170197,-0.22066177557165023,-0.2945910113907786,1411.0,1335.0,1290.0,1198.0,7.252762418053187,2023-03-18,2022-23,1411.0,1608.75,2.9175784099197744
-0.05057596918266327,-0.07931357895002034,0.014537811390645139,0.10519217965877559,2.9175784099197744,-8.964143426294823,0.08325245609558497,1.0,6.123233995736766e-17,-0.9957341762950346,-0.09226835946330192,0,0,0,3.6666666666666665,-0.10590303313925986,-0.14016599638920813,-0.21409523220833648,-0.31954842197771605,1335.0,1290.0,1198.0,1078.0,7.197435354096591,2023-03-25,2022-23,1335.0,1484.25,-5.386250885896526
-0.051602004216797503,0.003725059739799086,-0.025012550027557978,0.0688388403131075,-5.386250885896526,2.9175784099197744,0.05242057977397783,0.8660254037844387,-0.49999999999999983,-0.9957341762950345,0.09226835946330243,0,0,0,3.6666666666666665,-0.08586496746674577,-0.15979420328587413,-0.2652473930552537,-0.3604648987480248,1290.0,1198.0,1078.0,980.0,7.1631723908466425,2023-04-01,2022-23,1290.0,1405.75,-3.3707865168539297
-0.04672244567620254,-0.012459482426254276,0.042867581530342314,0.01412997176298525,-3.3707865168539297,-5.386250885896526,0.03814183060423745,0.8660254037844387,-0.49999999999999983,-0.961825643172819,0.2736629900720828,0,0,0,3.0,-0.1206516814953309,-0.22610487126471046,-0.32132237695748156,-0.4030654761306689,1198.0,1078.0,980.0,903.0,7.089243155027514,2023-04-08,2022-23,1198.0,1351.75,-7.131782945736431
-0.08815750892025243,-0.014228273101124067,0.020034690148824197,0.07536175410542079,-7.131782945736431,-3.3707865168539297,0.06801395078550097,0.8660254037844387,-0.49999999999999983,-0.8951632913550626,0.4457383557765377,0,0,0,3.0,-0.193610698689632,-0.2888282043824031,-0.3705713035555904,-0.2776775566628942,1078.0,980.0,903.0,991.0,6.983789965258135,2023-04-15,2022-23,1078.0,1308.5,-10.016694490818034
-0.1279260456214386,-0.022472855852059048,0.05145637996706931,0.08571934321701757,-10.016694490818034,-7.131782945736431,0.09265332987491413,0.8660254037844387,-0.49999999999999983,-0.7980172272802397,0.6026346363792562,0,0,0,3.0,-0.2231435513142097,-0.30488665048739705,-0.2119929035947008,-0.2231435513142097,980.0,903.0,991.0,980.0,6.8885724595653635,2023-04-22,2022-23,980.0,1225.25,-9.090909090909093
-0.1480156912597419,-0.0527981855669708,0.05265500420240876,0.12658424002153712,-9.090909090909093,-10.016694490818034,0.1194184536711625,0.8660254037844387,-0.49999999999999983,-0.6736956436465578,0.7390089172206585,0,0,0,3.0,-0.22975879043292924,-0.136865043540233,-0.1480156912597419,-0.014611727752945392,903.0,991.0,980.0,1120.0,6.806829360392176,2023-04-29,2022-23,903.0,1136.5,-7.857142857142863
-0.14086752568290883,-0.059124426509721495,0.0360930791830496,0.14154626895242917,-7.857142857142863,-9.090909090909093,0.12263568847079204,0.49999999999999994,-0.8660254037844387,-0.5264321628773562,0.8502171357296139,0,0,0,3.0,-0.047973778790212585,-0.059124426509721495,0.07427953699707501,-0.0662855824325499,991.0,980.0,1120.0,973.0,6.899723107284872,2023-05-06,2022-23,991.0,1039.75,9.745293466223703
0.003028775662159866,-0.08986497123053638,-0.008121872057349044,0.08709563363542205,9.745293466223703,-7.857142857142863,0.07251278504914392,0.49999999999999994,-0.8660254037844387,-0.36124166618715303,0.9324722294043558,0,0,0,2.6666666666666665,-0.008121872057349044,0.12528209144944746,-0.015283027980177444,,980.0,1120.0,973.0,,6.8885724595653635,2023-05-13,2022-23,980.0,988.0,-1.1099899091826404
0.01696262721957975,0.02811327493908866,-0.06478047195360759,0.01696262721957975,-1.1099899091826404,9.745293466223703,0.04220581268653575,0.49999999999999994,-0.8660254037844387,-0.18374951781657006,0.9829730996839018,0,0,0,2.6666666666666665,0.15036659072637626,0.009801471296751352,,,1120.0,973.0,,,7.02197642307216,2023-05-20,2022-23,1120.0,963.5,14.28571428571428
0.11472126913170477,-0.018682694375091735,-0.007532046655582825,-0.10042579354827907,14.28571428571428,-1.1099899091826404,0.090099957871158,0.49999999999999994,-0.8660254037844387,-2.4492935982947064e-16,1.0,0,0,0,2.6666666666666665,-0.025843850297920135,,,,973.0,,,,6.881411303642535,2023-05-27,2022-23,973.0,998.5,-13.124999999999998
0.17800722036383387,0.08078044286007557,-0.10495059558649888,-0.19764125850327385,10.217983651226149,20.42657916324857,0.17054325626715108,-0.5000000000000004,0.8660254037844384,0.6736956436465572,0.7390089172206591,1,0,0,7.0,0.40078010385394425,0.7211642941681466,0.9492471876408635,1.1757555372479152,2022.0,2786.0,3500.0,4390.0,7.612336837167746,2023-11-04,2023-24,2022.0,1354.0,24.9690976514215
0.24541771774350973,0.02264483425339936,-0.07458194325035894,-0.2603129816969334,24.9690976514215,10.217983651226149,0.21272778183553306,-0.5000000000000004,0.8660254037844384,0.7980172272802395,0.6026346363792564,1,0,0,7.333333333333333,0.5658019080577121,0.793884801530429,1.0203931511374806,1.3272480224593606,2786.0,3500.0,4390.0,5967.0,7.932721027481948,2023-11-11,2023-24,2786.0,1581.75,37.78437190900099
0.3446505467552443,0.024266356441041914,-0.19850652704906846,-0.29573330455282676,37.78437190900099,24.9690976514215,0.298978269501706,-0.5000000000000004,0.8660254037844384,0.8951632913550623,0.4457383557765383,1,0,0,7.333333333333333,0.5727334402279611,0.7992417898350128,1.1060966611568928,1.3339209298099943,3500.0,4390.0,5967.0,7494.0,8.160803920954665,2023-11-18,2023-24,3500.0,1973.5,25.628140703517598
0.343782525035337,0.1156996315626202,-0.2046845587515822,-0.4274574422416926,25.628140703517598,37.78437190900099,0.3361004926994372,-0.5000000000000004,0.8660254037844384,0.961825643172819,0.273662990072083,1,0,0,7.333333333333333,0.5702908746423887,0.8771457459642686,1.1049700146173702,1.4231689980257407,4390.0,5967.0,7494.0,10302.0,8.387312270561717,2023-11-25,2023-24,4390.0,2481.5,25.428571428571423
0.32409189131868743,0.09758354171163575,-0.13049935176108107,-0.45088354207528347,25.428571428571423,25.628140703517598,0.3182787848852314,-2.4492935982947064e-16,1.0,0.9957341762950345,0.09226835946330202,1,0,0,7.333333333333333,0.6309467626405674,0.8587710312936689,1.1769700147020394,1.6021368796705655,5967.0,7494.0,10302.0,15761.0,8.694167141883597,2023-12-02,2023-24,5967.0,3174.5,35.92255125284738
0.3604762040094762,0.05362133268759628,-0.1728870169194554,-0.4009699103921722,35.92255125284738,25.428571428571423,0.3295867711124901,-2.4492935982947064e-16,1.0,0.9957341762950346,-0.09226835946330189,1,0,0,10.666666666666666,0.5883004726625778,0.9064994560709483,1.3316663210394744,1.6534941736835744,7494.0,10302.0,15761.0,21745.0,8.921991410536698,2023-12-09,2023-24,7494.0,4160.75,25.590749120160883
0.3392445883810211,0.11142031972791955,-0.1954345515939604,-0.4219429012010121,25.590749120160883,35.92255125284738,0.330225528826688,-2.4492935982947064e-16,1.0,0.961825643172819,-0.2736629900720829,1,1,0,10.666666666666666,0.6574435717893916,1.0826104367579177,1.4044382894020178,1.299006238234444,10302.0,15761.0,21745.0,19569.0,9.240190393945069,2023-12-16,2023-24,10302.0,5337.75,37.46997598078463
0.3809334845590495,0.06273450115067902,-0.16508976750242255,-0.4719446388243025,37.46997598078463,25.590749120160883,0.357755669126256,-2.4492935982947064e-16,1.0,0.8951632913550626,-0.4457383557765378,0,1,0,10.666666666666666,0.8061003495275756,1.1279282021716757,1.022496151004102,0.8176436700581391,15761.0,21745.0,19569.0,15944.0,9.665357258913595,2023-12-23,2023-24,15761.0,7038.25,52.98971073577945
0.4668870595078989,0.04172019453937281,-0.2764787888689977,-0.5043030575220993,52.98971073577945,37.46997598078463,0.4363491623100984,-2.4492935982947064e-16,1.0,0.7980172272802396,-0.6026346363792563,0,1,0,10.666666666666666,0.788714912151999,0.6832828609844253,0.4784303800384624,0.29922719219832317,21745.0,19569.0,15944.0,13328.0,9.987185111557695,2023-12-30,2023-24,21745.0,9881.0,37.9671340650974
0.45284279195692,0.13101493931281993,-0.29415192565570614,-0.6123509090640766,37.9671340650974,52.98971073577945,0.45548370949416267,0.49999999999999994,0.8660254037844387,0.6736956436465571,-0.7390089172206593,0,1,0,10.666666666666666,0.3474107407893463,0.14255825984338344,-0.03664492799675578,-0.06094561499921625,19569.0,15944.0,13328.0,13008.0,9.881753060390121,2024-01-06,2023-24,19569.0,13825.5,-10.006898137502873
0.14992906346042822,0.25536111462800193,-0.06646673801609815,-0.4916336029846242,-10.006898137502873,37.9671340650974,0.2976594451586992,0.49999999999999994,0.8660254037844387,0.5264321628773561,-0.850217135729614,0,1,0,9.0,-0.05492341748553464,-0.23412660532567386,-0.25842729232813433,-0.340496291172693,15944.0,13328.0,13008.0,11983.0,9.676900579444158,2024-01-13,2023-24,15944.0,16844.25,-18.524196433134044
-0.1353347984359754,0.06951768250998747,0.17494973367756117,-0.1468781189665389,-18.524196433134044,-10.006898137502873,0.15960858137749295,0.49999999999999994,0.8660254037844387,0.3612416661871533,-0.9324722294043557,0,1,0,9.0,-0.3145379862761146,-0.3388386732785751,-0.42090767212313374,-0.4487448264102767,13328.0,13008.0,11983.0,11654.0,9.497697391604019,2024-01-20,2023-24,13328.0,18254.75,-16.407425990968395
-0.28065201766560754,-0.10144882982546832,0.10340365112049454,0.20883570228806825,-16.407425990968395,-18.524196433134044,0.21213909144373555,0.49999999999999994,0.8660254037844387,0.18374951781657037,-0.9829730996839018,0,0,0,9.0,-0.304952704668068,-0.38702170351262666,-0.4148588577997696,-0.45772068339932126,13008.0,11983.0,11654.0,11165.0,9.473396704601559,2024-01-27,2023-24,13008.0,17646.5,-2.400960384153661
-0.17282481536912364,-0.14852412836666318,0.030679059473476045,0.2355315404194389,-2.400960384153661,-16.407425990968395,0.1964342100303948,0.8660254037844386,0.5000000000000001,1.2246467991473532e-16,-1.0,0,0,0,9.0,-0.2548938142136823,-0.28273096850082524,-0.3255927941003769,-0.3496117128423233,11983.0,11654.0,11165.0,10900.0,9.391327705757,2024-02-03,2023-24,11983.0,15462.25,-7.879766297662972
-0.12404951949285348,-0.04198052064829483,-0.017679833645834364,0.16152335419430486,-7.879766297662972,-2.400960384153661,0.12429081574990868,0.8660254037844386,0.5000000000000001,-0.18374951781657012,-0.9829730996839018,0,0,0,8.0,-0.15188667377999643,-0.19474849937954808,-0.21876741812149447,-0.22437895025621657,11654.0,11165.0,10900.0,10839.0,9.363490551469857,2024-02-10,2023-24,11654.0,13565.75,-2.745556204623212
-0.0695332659880794,-0.041696111700936456,0.040372887143622194,0.06467357414608266,-2.745556204623212,-7.879766297662972,0.06414239201278528,0.8660254037844386,0.5000000000000001,-0.3612416661871527,-0.9324722294043559,0,0,0,8.0,-0.11239509158763106,-0.13641401032957745,-0.14202554246429955,-0.27988891925253334,11165.0,10900.0,10839.0,9443.0,9.320628725870305,2024-02-17,2023-24,11165.0,12493.25,-4.195984211429549
-0.06815067563560717,-0.02528885003605552,0.00254830425108743,0.08461730309564608,-4.195984211429549,-2.745556204623212,0.06524166852137933,0.8660254037844386,0.5000000000000001,-0.5264321628773558,-0.8502171357296141,0,0,0,8.0,-0.09216959437755357,-0.09778112651227566,-0.23564450330050946,-0.4874128374491331,10900.0,10839.0,9443.0,7341.0,9.296609807128359,2024-02-24,2023-24,10900.0,11952.5,-2.37348858038513
-0.0470806910445809,-0.02306177230263451,0.01980005329691714,0.04763720758406009,-2.37348858038513,-4.195984211429549,0.04248961263118322,1.0,6.123233995736766e-17,-0.6736956436465572,-0.7390089172206591,0,0,0,8.0,-0.052692223179303,-0.1905555999675368,-0.44232393411616044,-0.6362075803135703,10839.0,9443.0,7341.0,6047.0,9.290998274993637,2024-03-02,2023-24,10839.0,11425.5,-0.5596330275229322
-0.0273441207838232,-0.021732588649101103,0.00228633009284529,0.04514815569239694,-0.5596330275229322,-2.37348858038513,0.033308857897159046,1.0,6.123233995736766e-17,-0.7980172272802389,-0.6026346363792572,0,0,0,5.333333333333333,-0.165207497572057,-0.41697583172068065,-0.6108594779180905,-0.6906817513352514,9443.0,7341.0,6047.0,5583.0,9.153134898205403,2024-03-09,2023-24,9443.0,11139.5,-12.879416920380105
-0.11431805322701649,0.023545323561217302,0.0291568556959394,0.05317577443788579,-12.879416920380105,-0.5596330275229322,0.0732538098980272,1.0,6.123233995736766e-17,-0.895163291355062,-0.44573835577653886,0,0,0,5.333333333333333,-0.36608638737564014,-0.55997003357305,-0.639792306990211,-0.734780189167795,7341.0,6047.0,5583.0,5077.0,8.90136656405678,2024-03-16,2023-24,7341.0,10586.75,-22.25987503971195
-0.27145364800547966,-0.019685313856856013,0.11817806293137778,0.12378959506609988,-22.25987503971195,-12.879416920380105,0.17322009876944178,1.0,6.123233995736766e-17,-0.961825643172819,-0.2736629900720831,0,0,0,5.333333333333333,-0.4653372942028895,-0.5451595676200505,-0.6401474497976345,-0.8582329207426831,6047.0,5583.0,5077.0,4082.0,8.70748291785937,2024-03-23,2023-24,6047.0,9630.75,-17.62702629069609
-0.33070402623848416,-0.13682038004107433,0.11494795410754932,0.2528113308957831,-17.62702629069609,-22.25987503971195,0.25381217451094723,1.0,6.123233995736766e-17,-0.9957341762950346,-0.09226835946330192,0,0,0,5.333333333333333,-0.41052629965564513,-0.5055141818332292,-0.7235996527782778,-1.0486264947639885,5583.0,5077.0,4082.0,2949.0,8.627660644442209,2024-03-30,2023-24,5583.0,8417.5,-7.673226393252852
-0.2408230206359221,-0.16100074721876112,0.03288289897864871,0.28465123312727236,-7.673226393252852,-17.62702629069609,0.24325801562084173,0.8660254037844387,-0.49999999999999983,-0.9957341762950345,0.09226835946330243,0,0,0,5.333333333333333,-0.3358109028135061,-0.5538963737585547,-0.8789232157442655,-1.0761347409650934,5077.0,4082.0,2949.0,2421.0,8.532672762264625,2024-04-06,2023-24,5077.0,7103.5,-9.063227655382411
-0.1690063087749447,-0.07401842659736069,0.005803846819800285,0.19968749301721012,-9.063227655382411,-7.673226393252852,0.16143060917775484,0.8660254037844387,-0.49999999999999983,-0.961825643172819,0.2736629900720828,0,0,0,4.666666666666667,-0.3870917797199933,-0.7121186217057041,-0.909330146926532,-1.39581903835556,4082.0,2949.0,2421.0,1488.0,8.314587291319576,2024-04-13,2023-24,4082.0,6012.0,-19.598187906243847
-0.24149001814662796,-0.023404547201579362,0.07158333497600466,0.15140560839316564,-19.598187906243847,-9.063227655382411,0.1620936161247277,0.8660254037844387,-0.49999999999999983,-0.8951632913550626,0.4457383557765377,0,0,0,4.666666666666667,-0.5665168601323387,-0.7637283853531667,-1.2502172767821946,-1.8073177619745247,2949.0,2421.0,1488.0,852.0,7.989560449333865,2024-04-20,2023-24,2949.0,5197.25,-27.756001959823617
-0.40518258232580706,-0.08015574034009632,0.13792973060495228,0.2329176127825363,-27.756001959823617,-19.598187906243847,0.26310646598561527,0.8660254037844387,-0.49999999999999983,-0.7980172272802397,0.6026346363792562,0,0,0,4.666666666666667,-0.602394107546635,-1.088882998975663,-1.645983484167993,-1.86971337381621,2421.0,1488.0,852.0,681.0,7.792348924113037,2024-04-27,2023-24,2421.0,4422.75,-17.904374364191256
-0.40553391939324257,-0.2083223941724146,0.11670444781329614,0.33478991875834474,-17.904374364191256,-27.756001959823617,0.32666430116581224,0.49999999999999994,-0.8660254037844387,-0.6736956436465578,0.7390089172206585,0,0,0,4.666666666666667,-0.8920228108222705,-1.4491232960146005,-1.6728531856628175,-1.7827858843346842,1488.0,852.0,681.0,610.0,7.305860032684009,2024-05-04,2023-24,1488.0,3632.25,-38.53779429987608
-0.6083922460584317,-0.12190335462940372,0.07530817059142425,0.400335012577135,-38.53779429987608,-17.904374364191256,0.39570467317180247,0.49999999999999994,-0.8660254037844387,-0.5264321628773562,0.8502171357296139,0,0,0,3.3333333333333335,-1.1654927312507617,-1.3892226208989786,-1.4991553195708454,,852.0,681.0,610.0,,6.748759547491679,2024-05-11,2023-24,852.0,2735.0,-42.74193548387096
-0.8157382301566036,-0.2586377449642736,0.22785114646475435,0.4250626716855823,-42.74193548387096,-38.53779429987608,0.48639481174551474,0.49999999999999994,-0.8660254037844387,-0.36124166618715303,0.9324722294043558,0,0,0,3.3333333333333335,-1.0394681198048206,-1.1494008184766873,,,681.0,610.0,,,6.525029657843462,2024-05-18,2023-24,681.0,1927.5,-20.070422535211264
-0.6913126542703516,-0.46758276462213466,0.08951772057019536,0.5760066119992233,-20.070422535211264,-42.74193548387096,0.5789464543079718,0.49999999999999994,-0.8660254037844387,-0.18374951781657006,0.9829730996839018,0,0,0,3.3333333333333335,-0.8012453529422183,,,,610.0,,,,6.415096959171596,2024-05-25,2023-24,610.0,1360.5,-10.425844346549196
0.6695311874886034,0.0,-0.6322057856032242,-0.6630830241676628,95.50359712230217,88.47457627118645,0.6753447440121537,-0.5000000000000004,0.8660254037844384,0.6736956436465572,0.7390089172206591,1,0,0,6.333333333333333,0.6020471561212757,1.3635970635656216,1.5464541365717386,1.7730334614509058,1016.0,2177.0,2614.0,3279.0,6.92461239604856,2024-11-02,2024-25,1016.0,556.0,-6.531738730450787
0.31863811389770547,0.3861221452650332,-0.2834090422235702,-0.9156148278267944,-6.531738730450787,95.50359712230217,0.5117319043785269,-0.5000000000000004,0.8660254037844384,0.7980172272802395,0.6026346363792564,1,0,0,5.666666666666667,1.0801880213420514,1.2630450943481684,1.4896244192273356,1.7922101226831808,2177.0,2614.0,3279.0,4438.0,7.686162303492906,2024-11-09,2024-25,2177.0,738.5,114.27165354330708
0.5877866649021195,-0.17376324254222641,-0.10627921117489869,-0.7758103986635021,100.0,-6.531738730450787,0.5681697834465552,-0.5000000000000004,0.8660254037844384,0.8951632913550623,0.4457383557765383,1,0,0,5.666666666666667,0.7706437379082365,0.9972230627874037,1.299808766243249,1.6841006303337522,2614.0,3279.0,4438.0,6518.0,7.869019376499023,2024-11-16,2024-25,2614.0,1209.0,20.073495636196604
0.4163269441221269,0.23346987111600992,-0.528080036328336,-0.4605960049610083,20.073495636196604,100.0,0.46227503886171334,-0.5000000000000004,0.8660254037844384,0.961825643172819,0.273662990072083,1,0,0,5.666666666666667,0.6429062690012941,0.9454919724571393,1.3297838365476427,1.7167217729866415,3279.0,4438.0,6518.0,9598.0,8.09559870137819,2024-11-23,2024-25,3279.0,1723.5,25.439938791124717
0.36696287532655614,0.14038355044738893,-0.04247352255872805,-0.804023430003074,25.439938791124717,20.073495636196604,0.41900310471668767,-0.5000000000000004,0.8660254037844384,0.9957341762950345,0.09226835946330202,1,0,0,5.666666666666667,0.6695485787824014,1.0538404428729047,1.4407783793119036,1.9598003450676211,4438.0,6518.0,9598.0,16129.0,8.398184404834035,2024-11-30,2024-25,4438.0,2271.5,35.34614211649894
0.35003530316883413,0.0474495997129889,-0.1791297251661783,-0.3619867981722953,35.34614211649894,25.439938791124717,0.3148262272439105,-2.4492935982947064e-16,1.0,0.9957341762950346,-0.09226835946330189,1,0,0,5.666666666666667,0.7343271672593374,1.1212651036983363,1.640287069454054,2.215806193048355,6518.0,9598.0,16129.0,28679.0,8.782476268924539,2024-12-07,2024-25,6518.0,3127.0,46.867958539882835
0.4364866685684099,0.05219480447790659,-0.25039089897793865,-0.47697022385710586,46.867958539882835,35.34614211649894,0.4064329864455494,-2.4492935982947064e-16,1.0,0.961825643172819,-0.2736629900720829,1,1,0,11.333333333333334,0.8234246050074088,1.3424465707631263,1.9179656943574273,2.242360913152247,9598.0,16129.0,28679.0,39669.0,9.169414205363537,2024-12-14,2024-25,9598.0,4212.25,47.253758821724446
0.4767142921486993,0.08977635570970044,-0.29451550838080287,-0.5971012118366481,47.253758821724446,46.867958539882835,0.46522404395480915,-2.4492935982947064e-16,1.0,0.8951632913550626,-0.4457383557765378,0,1,0,11.333333333333334,0.9957362579044169,1.5712553814987178,1.8956506002935374,1.6771910455345331,16129.0,28679.0,39669.0,31884.0,9.688436171119255,2024-12-21,2024-25,16129.0,5958.25,68.04542613044384
0.5645527843816662,0.045530818625948655,-0.3414071178130502,-0.7256989819035535,68.04542613044384,47.253758821724446,0.5561365468129917,-2.4492935982947064e-16,1.0,0.7980172272802396,-0.6026346363792563,0,1,0,11.333333333333334,1.1400719079759671,1.4644671267707867,1.2460075720117825,1.3034447266420237,28679.0,39669.0,31884.0,33769.0,10.263955294713556,2024-12-28,2024-25,28679.0,9170.75,77.81015562031124
0.6328015376824094,0.057282414088108524,-0.46173955166760905,-0.8486774881066079,77.81015562031124,68.04542613044384,0.6447432396699438,0.49999999999999994,0.8660254037844387,0.6736956436465571,-0.7390089172206593,0,1,0,11.333333333333334,0.957196756477229,0.7387372017182248,0.796174356348466,1.0026081531462108,39669.0,31884.0,33769.0,41512.0,10.588350513508376,2025-01-04,2024-25,39669.0,15231.0,38.32072247986331
0.5227547408040039,0.19835952200918427,-0.37715960158511663,-0.8961815673408342,38.32072247986331,77.81015562031124,0.5682619196054202,0.49999999999999994,0.8660254037844387,0.5264321628773561,-0.850217135729614,0,1,0,16.333333333333332,0.3042951860449996,0.36173234067524085,0.5681661374729856,0.8068888073368452,31884.0,33769.0,41512.0,52705.0,10.369890958749371,2025-01-11,2024-25,31884.0,23518.75,-19.624896014520154
0.09169823809049582,0.31015779284950007,-0.014237425945319515,-0.5897565495396204,-19.624896014520154,38.32072247986331,0.33674119368424904,0.49999999999999994,0.8660254037844387,0.3612416661871533,-0.9324722294043557,0,1,0,16.333333333333332,0.14913539272073706,0.3555691895184818,0.5942918593823414,0.6505834561265189,33769.0,41512.0,52705.0,55757.0,10.427328113379613,2025-01-18,2024-25,33769.0,29090.25,5.912056203738558
0.007990082829747891,-0.04944707180049335,0.1690124829585109,-0.15538273583630868,5.912056203738558,-19.624896014520154,0.13785472350887318,0.49999999999999994,0.8660254037844387,0.18374951781657037,-0.9829730996839018,0,0,0,16.333333333333332,0.21442387962749265,0.45314654949135225,0.5094381462355297,0.3598265709751214,41512.0,52705.0,55757.0,48009.0,10.633761910177357,2025-01-25,2024-25,41512.0,33500.25,22.929313867748526
0.12297105404619124,-0.08346274275155352,-0.14089989738179476,0.07755965737720949,22.929313867748526,5.912056203738558,0.12558235101057538,0.8660254037844386,0.5000000000000001,1.2246467991473532e-16,-1.0,0,0,0,16.333333333333332,0.36169372391005084,0.41798532065422833,0.26837374539382,0.07235328678240727,52705.0,55757.0,48009.0,39463.0,10.872484580041217,2025-02-01,2024-25,52705.0,36708.5,26.963287724031602
0.2766376571861553,0.0379149873222957,-0.16851880947544906,-0.2259559641056903,26.963287724031602,22.929313867748526,0.23665658707269793,0.8660254037844386,0.5000000000000001,-0.18374951781657012,-0.9829730996839018,0,0,0,21.0,0.3329292539303328,0.18331767866992443,-0.012702779941488274,-0.2219183367484181,55757.0,48009.0,39463.0,32013.0,10.928776176785394,2025-02-08,2024-25,55757.0,39967.5,5.790721942889676
0.1937554474940928,0.1374638507499153,-0.1012588191139443,-0.30769261591168906,5.790721942889676,26.963287724031602,0.22125071393186282,0.8660254037844386,0.5000000000000001,-0.3612416661871527,-0.9324722294043559,0,0,0,21.0,0.044143872233684434,-0.15187658637772827,-0.3610921431846581,-0.6181167811995465,48009.0,39463.0,32013.0,24757.0,10.779164601524986,2025-02-15,2024-25,48009.0,45935.75,-13.896013056656564
-0.030497688310651583,0.11911388694975678,0.06282229020557928,-0.17590037965828031,-13.896013056656564,5.790721942889676,0.12533561629990125,0.8660254037844386,0.5000000000000001,-0.5264321628773558,-0.8502171357296141,0,0,0,21.0,-0.2265181469220643,-0.4357337037289941,-0.6927583417438825,-0.9634861040126239,39463.0,32013.0,24757.0,18885.0,10.583144142913573,2025-02-22,2024-25,39463.0,49495.75,-17.80082901122706
-0.21611505760678718,-0.02009459899537447,0.1295169762650339,0.07322537952085639,-17.80082901122706,-13.896013056656564,0.14498962105295582,1.0,6.123233995736766e-17,-0.6736956436465572,-0.7390089172206591,0,0,0,21.0,-0.425330614413717,-0.6823552524286054,-0.9530830146973468,-1.2488103539140205,32013.0,24757.0,18885.0,14050.0,10.373928586106643,2025-03-01,2024-25,32013.0,48983.5,-18.878443098598684
-0.31372303287344216,-0.10450747606651234,0.09151298254490037,0.24112455780530873,-18.878443098598684,-17.80082901122706,0.23516181631955316,1.0,6.123233995736766e-17,-0.7980172272802389,-0.6026346363792572,0,0,0,9.0,-0.5707476708883306,-0.841475433157072,-1.1372027723737457,-1.4784118524479357,24757.0,18885.0,14050.0,9988.0,10.116903948091755,2025-03-08,2024-25,24757.0,43810.5,-22.66579202199107
-0.37607714513817747,-0.11905250712328908,0.09016304968364075,0.28618350829505346,-22.66579202199107,-18.878443098598684,0.2766152876405479,1.0,6.123233995736766e-17,-0.895163291355062,-0.44573835577653886,0,0,0,9.0,-0.6468049074069189,-0.9425322466235926,-1.2837413266977826,-1.640316165526066,18885.0,14050.0,9988.0,6992.0,9.846176185823014,2025-03-15,2024-25,18885.0,36060.5,-23.718544250111083
-0.4212771676432503,-0.1505494053745089,0.1064752326403795,0.31569078944730933,-23.718544250111083,-22.66579202199107,0.3099266950601094,1.0,6.123233995736766e-17,-0.961825643172819,-0.2736629900720831,0,0,0,9.0,-0.717004506859924,-1.058213586934114,-1.4147884257623975,-1.7365545149939141,14050.0,9988.0,6992.0,5068.0,9.55044884660634,2025-03-22,2024-25,14050.0,28779.5,-25.60232989144824
-0.4675831697356525,-0.1718558305189788,0.09887193174976261,0.355896569764651,-25.60232989144824,-23.718544250111083,0.34543587649937685,1.0,6.123233995736766e-17,-0.9957341762950346,-0.09226835946330192,0,0,0,9.0,-0.8087922498098425,-1.165367088638126,-1.4871331778696426,-1.73025198925356,9988.0,6992.0,5068.0,3974.0,9.20923976653215,2025-03-29,2024-25,9988.0,22426.25,-28.91103202846975
-0.5270709665364759,-0.18586188646228585,0.10986545275438786,0.38059321502312926,-28.91103202846975,-25.60232989144824,0.3762279048838964,0.8660254037844387,-0.49999999999999983,-0.9957341762950345,0.09226835946330243,0,0,0,9.0,-0.8836458053647593,-1.205411894596276,-1.4485307059801933,-1.6297962168134408,6992.0,5068.0,3974.0,3315.0,8.852664927703866,2025-04-05,2024-25,6992.0,16920.0,-29.995995194233082
-0.5791976819676261,-0.22262284313934266,0.11858623693484738,0.4143135761515211,-29.995995194233082,-28.91103202846975,0.4133484691439778,0.8660254037844387,-0.49999999999999983,-0.961825643172819,0.2736629900720828,0,0,0,4.666666666666667,-0.9009637711991427,-1.14408258258306,-1.3253480934163075,-1.5895838305541403,5068.0,3974.0,3315.0,2545.0,8.53089883847235,2025-04-12,2024-25,5068.0,12478.75,-27.517162471395885
-0.5769103448561665,-0.25514425562464993,0.10143058320363352,0.44263966327782356,-27.517162471395885,-29.995995194233082,0.4337589266627712,0.8660254037844387,-0.49999999999999983,-0.8951632913550626,0.4457383557765377,0,0,0,4.666666666666667,-0.8200291562400839,-1.0012946670733314,-1.2655304042111641,-1.418438075798826,3974.0,3315.0,2545.0,2184.0,8.287780027088433,2025-04-19,2024-25,3974.0,9024.5,-21.586424625098655
-0.4927769291283788,-0.24965811774446145,0.07210797148705517,0.4286828103153386,-21.586424625098655,-27.517162471395885,0.40513630361416,0.8660254037844387,-0.49999999999999983,-0.7980172272802397,0.6026346363792562,0,0,0,4.666666666666667,-0.6740424399616263,-0.938278177099459,-1.0911858486871209,-1.2309477910622793,3315.0,2545.0,2184.0,1899.0,8.106514516255185,2025-04-26,2024-25,3315.0,6505.5,-16.582788122798185
-0.37779384782527536,-0.19652833699202787,0.04659047439188946,0.3683565636234061,-16.582788122798185,-21.586424625098655,0.3324555633852756,0.49999999999999994,-0.8660254037844387,-0.6736956436465578,0.7390089172206585,0,0,0,4.666666666666667,-0.6420295849631081,-0.79493725655077,-0.9346991989259283,-1.019798529443933,2545.0,2184.0,1899.0,1744.0,7.842278779117352,2025-05-03,2024-25,2545.0,4837.25,-23.22775263951734
-0.3809459552043961,-0.11671021806656334,0.06455529276668415,0.3076741041506015,-23.22775263951734,-16.582788122798185,0.2868520302002426,0.49999999999999994,-0.8660254037844387,-0.5264321628773562,0.8502171357296139,0,0,0,3.0,-0.533853626792058,-0.6736155691672163,-0.7587148996852209,-0.6992033191156235,2184.0,1899.0,1744.0,1851.0,7.68937110752969,2025-05-10,2024-25,2184.0,3725.5,-14.184675834970529
-0.31882811494952623,-0.1659204433618644,0.09831529377596837,0.27958080460921586,-14.184675834970529,-23.22775263951734,0.26631586897621456,0.49999999999999994,-0.8660254037844387,-0.36124166618715303,0.9324722294043558,0,0,0,3.0,-0.4585900573246846,-0.5436893878426892,-0.4841778072730918,,1899.0,1744.0,1851.0,,7.549609165154532,2025-05-17,2024-25,1899.0,3004.5,-13.049450549450547
-0.2691227508779912,-0.12936080850283282,0.023546863084829006,0.2877826002226618,-13.049450549450547,-14.184675834970529,0.246516793754458,0.49999999999999994,-0.8660254037844387,-0.18374951781657006,0.9829730996839018,0,0,0,3.0,-0.35422208139599576,-0.2947105008263984,,,1744.0,1851.0,,,7.4645098346365275,2025-05-24,2024-25,1744.0,2485.75,-8.162190626645604
-0.1823215567939549,-0.09722222627595034,0.042539716099208036,0.19544738768686987,-8.162190626645604,-13.049450549450547,0.16824976097131325,0.49999999999999994,-0.8660254037844387,-2.4492935982947064e-16,1.0,0,0,0,3.0,-0.12280997622435752,,,,1851.0,,,,7.524021415206125,2025-05-31,2024-25,1851.0,2093.0,6.135321100917435
0.10675036994688103,0.03775749845992937,-0.058714069780650746,-0.09883981378642837,7.149240393208212,10.137795275590555,0.0936834141971344,-0.5000000000000004,0.8660254037844384,0.6736956436465572,0.7390089172206591,1,0,0,6.0,0.23117794832193272,0.5055264899042484,0.8359079880298594,1.2014661883358668,1358.0,1787.0,2487.0,3585.0,7.214504414151143,2025-11-01,2025-26,1358.0,1077.5,13.261050875729774
0.14633241376310124,0.02190483538804955,-0.04708803609890211,-0.14355960433948223,13.261050875729774,7.149240393208212,0.12301645536088106,-0.5000000000000004,0.8660254037844384,0.7980172272802395,0.6026346363792564,1,0,0,6.666666666666667,0.42068095534541694,0.751062453471028,1.1166206537770353,1.4926552280482568,1787.0,2487.0,3585.0,5222.0,7.488852955733459,2025-11-08,2025-26,1787.0,1173.0,31.590574374079527
0.2686620179583503,-0.005686523623965378,-0.13011410199901707,-0.19910697348596873,31.590574374079527,13.261050875729774,0.21810942471876166,-0.5000000000000004,0.8660254037844384,0.8951632913550623,0.4457383557765383,1,0,0,6.666666666666667,0.5990435160839613,0.9646017163899687,1.3406362906611902,1.696180977106585,2487.0,3585.0,5222.0,7452.0,7.81923445385907,2025-11-15,2025-26,2487.0,1365.75,39.17179630665921
0.37571706582091124,0.04533556769530023,-0.22901297388701547,-0.35344055226206716,39.17179630665921,31.590574374079527,0.33717316732883595,-0.5000000000000004,0.8660254037844384,0.961825643172819,0.273662990072083,1,0,0,6.666666666666667,0.7412752661269186,1.11730984039814,1.472854526843535,1.8767530433102193,3585.0,5222.0,7452.0,11161.0,8.184792654165078,2025-11-22,2025-26,3585.0,1707.75,44.14957780458384
0.4418482447458265,0.07629004443981913,-0.2540914536857919,-0.5284399952681076,44.14957780458384,39.17179630665921,0.4220005499526882,-0.5000000000000004,0.8660254037844384,0.9957341762950345,0.09226835946330202,1,0,0,6.666666666666667,0.817882819017048,1.1734275054624428,1.5773260219291272,2.2144156085813664,5222.0,7452.0,11161.0,21106.0,8.560827228436299,2025-11-29,2025-26,5222.0,2304.25,45.66248256624825
0.46789977459194354,0.0918652003207221,-0.2736929999852853,-0.6040744981108963,45.66248256624825,44.14957780458384,0.45772502809829774,-2.4492935982947064e-16,1.0,0.9957341762950346,-0.09226835946330189,1,0,0,6.666666666666667,0.8234444610373384,1.2273429775040228,1.864432564156262,2.4427091501901366,7452.0,11161.0,21106.0,37632.0,8.916371914881694,2025-12-06,2025-26,7452.0,3270.25,42.70394484871696
0.46371724460302666,0.10817255815763183,-0.2678620161135896,-0.633420216419597,42.70394484871696,45.66248256624825,0.4607180537400293,-2.4492935982947064e-16,1.0,0.961825643172819,-0.2736629900720829,1,1,0,17.0,0.8676157610697111,1.5047053477219503,2.082981933755825,2.2081044357074298,11161.0,21106.0,37632.0,42648.0,9.320270431348378,2025-12-13,2025-26,11161.0,4686.5,49.77187332259796
0.4873909710707629,0.0834924546040785,-0.2720522318413163,-0.6480868061125378,49.77187332259796,42.70394484871696,0.47835263270864264,-2.4492935982947064e-16,1.0,0.8951632913550626,-0.4457383557765378,0,1,0,17.0,1.1244805577230021,1.7027571437568767,1.8278796457084816,1.4750393327763796,21106.0,37632.0,42648.0,29968.0,9.957360018000617,2025-12-20,2025-26,21106.0,6855.0,89.1049189140758
0.6304595801130084,-0.006630006539230848,-0.41052852300591525,-0.7660732094513101,89.1049189140758,49.77187332259796,0.6249632537998506,-2.4492935982947064e-16,1.0,0.7980172272802396,-0.6026346363792563,0,1,0,17.0,1.208736166146883,1.3338586680984879,0.9810183551663858,0.565677824140483,37632.0,42648.0,29968.0,19782.0,10.535636604034492,2025-12-27,2025-26,37632.0,11235.25,78.3000094759784
0.6657704700012133,0.0874938839673387,-0.5495957026849005,-0.9534942191515849,78.3000094759784,89.1049189140758,0.6975968816763587,0.49999999999999994,0.8660254037844387,0.6736956436465571,-0.7390089172206593,0,1,0,17.0,0.7908929719528182,0.4380526590207161,0.022712127994813258,-0.13954220050633914,42648.0,29968.0,19782.0,16819.0,10.660759105986097,2026-01-03,2025-26,42648.0,19337.75,13.32908163265305
0.41589173587055406,0.29076923391894915,-0.2875073521149254,-0.9245969387671646,13.32908163265305,78.3000094759784,0.5184331017017496,0.49999999999999994,0.8660254037844387,0.5264321628773561,-0.850217135729614,0,1,0,15.333333333333334,0.063051422938452,-0.35228910808745084,-0.5145434365886032,-0.580144749796581,29968.0,19782.0,16819.0,15751.0,10.307918793053995,2026-01-10,2025-26,29968.0,28136.75,-29.731757643969235
-0.09146854506150603,0.261371767870596,0.1362492659189911,-0.44202732011488344,-29.731757643969235,13.32908163265305,0.28625761060194704,0.49999999999999994,0.8660254037844387,0.3612416661871533,-0.9324722294043557,0,1,0,15.333333333333334,-0.5068090760874089,-0.6690634045885613,-0.7346647177965391,-0.7115713220548816,19782.0,16819.0,15751.0,16119.0,9.892578262028092,2026-01-17,2025-26,19782.0,32838.5,-33.989588894821146
-0.4966786105560548,-0.08133807953015193,0.2715022334019501,0.14637973145034522,-33.989588894821146,-29.731757643969235,0.30632537451519976,0.49999999999999994,0.8660254037844387,0.18374951781657037,-0.9829730996839018,0,0,0,15.333333333333334,-0.6589329390572072,-0.724534252265185,-0.7014408565235275,-0.6812977043292552,16819.0,15751.0,16119.0,16447.0,9.73032393352694,2026-01-24,2025-26,16819.0,32507.5,-14.978263067435037
-0.4845103368496648,-0.3222560083485124,0.09308452267739042,0.4459248356094925,-14.978263067435037,-33.989588894821146,0.4276591996160662,0.49999999999999994,0.8660254037844387,1.2246467991473532e-16,-1.0,0,0,0,15.333333333333334,-0.5501116500576426,-0.5270182543159851,-0.5068751021217128,-0.6167176531633416,15751.0,16119.0,16447.0,14736.0,9.664722620318962,2026-01-31,2025-26,15751.0,27304.25,-6.349961353231459
-0.2674009787534981,-0.2017996655455203,-0.03954533704436791,0.37579519398153494,-6.349961353231459,-14.978263067435037,0.31519920666581414,0.8660254037844386,0.5000000000000001,-0.18374951781657012,-0.9829730996839018,0,0,0,15.333333333333334,-0.24430758301184063,-0.22416443081756832,-0.3340069818591971,-0.6109576720073928,16119.0,16447.0,14736.0,11171.0,9.68781601606062,2026-02-07,2025-26,16119.0,20580.0,2.33635959621612
-0.060113616950769,-0.08320701269242647,-0.017605699484448678,0.14464862901670372,2.33635959621612,-6.349961353231459,0.10694001689529645,0.8660254037844386,0.5000000000000001,-0.3612416661871527,-0.9324722294043559,0,0,0,10.666666666666666,-0.03997046475649668,-0.14981301579812545,-0.4267637059463212,-0.5772660781881047,16447.0,14736.0,11171.0,9610.0,9.707959168254892,2026-02-14,2025-26,16447.0,17117.75,2.034865686456966
0.00995945054455838,-0.010183701649713939,-0.03327709739137141,0.03232421581660638,2.034865686456966,2.33635959621612,0.028009680418997363,0.8660254037844386,0.5000000000000001,-0.5264321628773558,-0.8502171357296141,0,0,0,10.666666666666666,-0.09988310049707039,-0.3768337906452661,-0.5273361628870497,-0.7354798847608013,14736.0,11171.0,9610.0,7804.0,9.598116617213263,2026-02-21,2025-26,14736.0,16284.0,-10.40311302973187
-0.06738337989493637,0.0424591711466924,0.02231601895242008,-0.000777376789237394,-10.40311302973187,2.034865686456966,0.04703976340289281,0.8660254037844386,0.5000000000000001,-0.6736956436465572,-0.7390089172206591,0,0,0,10.666666666666666,-0.3443340700431321,-0.49483644228491563,-0.7029801641586673,-0.9497838695599992,11171.0,9610.0,7804.0,6097.0,9.321165927065067,2026-02-28,2025-26,11171.0,15763.25,-24.19245385450597
-0.2689285053332302,0.008022184814965527,0.1178647358565943,0.09772158366232198,-24.19245385450597,-10.40311302973187,0.1651917048998699,1.0,6.123233995736766e-17,-0.7980172272802389,-0.6026346363792572,0,0,0,10.666666666666666,-0.41943087757501374,-0.6275745994487654,-0.8743783048500973,-1.4841832344117893,9610.0,7804.0,6097.0,3313.0,9.170663554823284,2026-03-07,2025-26,9610.0,14618.25,-13.97368185480261
-0.3014255075781751,-0.15092313533639157,0.12602755481180417,0.23587010585343293,-13.97368185480261,-24.19245385450597,0.2423330589016752,1.0,6.123233995736766e-17,-0.895163291355062,-0.44573835577653886,0,0,0,7.0,-0.5095692294519267,-0.7563729348532586,-1.3661778644149507,-1.4985890983768284,7804.0,6097.0,3313.0,2902.0,8.962519832949532,2026-03-14,2025-26,7804.0,12991.0,-18.792924037460978
-0.3276709205143842,-0.11952719864063255,0.030975173601150985,0.3079258637493467,-18.792924037460978,-13.97368185480261,0.2719189372653555,1.0,6.123233995736766e-17,-0.961825643172819,-0.2736629900720831,0,0,0,7.0,-0.5744746259157161,-1.1842795554774082,-1.3166907894392859,-1.5741754868213294,6097.0,3313.0,2902.0,2243.0,8.7157161275482,2026-03-21,2025-26,6097.0,10830.25,-21.873398257303943
-0.35208093764244097,-0.10527723224110908,0.10286648963264255,0.2533688618744261,-21.873398257303943,-18.792924037460978,0.25363679065084727,1.0,6.123233995736766e-17,-0.9957341762950346,-0.09226835946330192,0,0,0,7.0,-0.961885867204133,-1.0942971011660108,-1.3517817985480542,-1.4927253656830803,3313.0,2902.0,2243.0,1948.0,8.105911197986508,2026-03-28,2025-26,3313.0,8670.5,-45.66180088568148
-0.7049958381132289,-0.09519090855153678,0.15161279684979512,0.35975651872354675,-45.66180088568148,-21.873398257303943,0.39940973921037126,0.8660254037844387,-0.49999999999999983,-0.9957341762950345,0.09226835946330243,0,0,0,7.0,-0.8374070720751066,-1.09489176945715,-1.2358353365921761,-1.2697545809634283,2902.0,2243.0,1948.0,1883.0,7.97349996402463,2026-04-04,2025-26,2902.0,6706.0,-12.405674615152428
-0.5496752990691549,-0.4172640651072772,0.19254086445441487,0.43934456985574677,-12.405674615152428,-45.66180088568148,0.463644561803488,0.8660254037844387,-0.49999999999999983,-0.961825643172819,0.2736629900720828,0,0,0,5.0,-0.8071599964511984,-0.9481035635862245,-0.9820228079574767,-1.1140388191736568,2243.0,1948.0,1883.0,1650.0,7.716015266642587,2026-04-11,2025-26,2243.0,5029.0,-22.70847691247415
-0.4836550103108488,-0.2261703129288053,-0.09375907896692759,0.5160458505947645,-22.70847691247415,-12.405674615152428,0.4663850788115529,0.8660254037844387,-0.49999999999999983,-0.8951632913550626,0.4457383557765377,0,0,0,5.0,-0.6245985774458749,-0.658517821817127,-0.7905338330333072,-0.9025792717930177,1948.0,1883.0,1650.0,1475.0,7.575071699507561,2026-04-18,2025-26,1948.0,3638.75,-13.152028533214445
-0.28915610098156286,-0.14821253384653676,0.10927216353550673,0.24168339749738443,-13.152028533214445,-22.70847691247415,0.2382121093922489,0.8660254037844387,-0.49999999999999983,-0.7980172272802397,0.6026346363792562,0,0,0,5.0,-0.323075345352815,-0.45509135656899513,-0.5671367953287056,-0.6856823167254236,1883.0,1650.0,1475.0,1310.0,7.5411524551363085,2026-04-25,2025-26,1883.0,2601.5,-3.3367556468172466
-0.17530834504004655,-0.1413891006687944,-0.0004455335337683053,0.2570391638482752,-3.3367556468172466,-13.152028533214445,0.2075746541740322,0.49999999999999994,-0.8660254037844387,-0.6736956436465578,0.7390089172206585,0,0,0,5.0,-0.30732435625622667,-0.4193697950159372,-0.5379153164126551,-0.5839632485163113,1650.0,1475.0,1310.0,1251.0,7.409136443920128,2026-05-02,2025-26,1650.0,2244.0,-12.373871481678178
-0.15717457085233466,-0.025158559636154543,0.008760684735097612,0.1497042518701237,-12.373871481678178,-3.3367556468172466,0.12646194049192444,0.49999999999999994,-0.8660254037844387,-0.5264321628773562,0.8502171357296139,0,0,0,4.0,-0.2692200096120452,-0.3877655310087631,-0.4338134631124193,-0.5965203448708731,1475.0,1310.0,1251.0,1063.0,7.297091005160418,2026-05-09,2025-26,1475.0,1931.0,-10.606060606060607
-0.16454938704815714,-0.05250394828844662,0.0795120629277335,0.11343130729898565,-10.606060606060607,-12.373871481678178,0.12512265454509247,0.49999999999999994,-0.8660254037844387,-0.36124166618715303,0.9324722294043558,0,0,0,4.0,-0.28309490844487506,-0.32914284054853127,-0.4918497223069851,,1310.0,1251.0,1063.0,,7.1785454837637,2026-05-16,2025-26,1310.0,1739.0,-11.186440677966104
-0.1869510478919727,-0.06840552649525478,0.04363991226445574,0.17565592348063586,-11.186440677966104,-10.606060606060607,0.15535251549879206,0.49999999999999994,-0.8660254037844387,-0.18374951781657006,0.9829730996839018,0,0,0,4.0,-0.2329989799956289,-0.39570586175408273,,,1251.0,1063.0,,,7.132497551660044,2026-05-23,2025-26,1251.0,1579.5,-4.503816793893134
-0.12767361434044222,-0.08162568223678601,0.03691983915993191,0.14896527791964242,-4.503816793893134,-11.186440677966104,0.126220345301516,0.49999999999999994,-0.8660254037844387,-2.4492935982947064e-16,1.0,0,0,0,4.0,-0.29038049609889605,,,,1063.0,,,,6.96979066990159,2026-05-30,2025-26,1063.0,1421.5,-15.027977617905675
