seed,horizon,model,split,mae,rmse
1,1,MLP,val,2944.394554996566,4656.82274351225
1,1,MLP,test,2671.9762577777515,4527.7456814113275
1,1,XGBoost,val,4186.620686799808,6438.220245737942
1,1,XGBoost,test,2009.7249662450022,3351.741061534318
1,1,LightGBM,val,4543.363176853526,7040.375913184582
1,1,LightGBM,test,2017.8862734784714,3468.618214751942
1,1,Ridge,val,3653.1391899383116,5736.60311446861
1,1,Ridge,test,2405.289755797775,4740.320111163442
1,1,Rolling Mean,val,7959.258064516129,10496.765623199704
1,1,Rolling Mean,test,5363.798387096775,8506.835342378428
2,1,MLP,val,3260.705061429928,5375.822076380656
2,1,MLP,test,2299.7953025876923,4821.466496090289
2,1,XGBoost,val,4210.282160875739,6381.300467428146
2,1,XGBoost,test,1964.3901598539824,3355.058221918621
2,1,LightGBM,val,4660.303951896819,7164.823446669974
2,1,LightGBM,test,2056.861974859339,3641.5438654351415
2,1,Ridge,val,3653.1391899383116,5736.60311446861
2,1,Ridge,test,2405.289755797775,4740.320111163442
2,1,Rolling Mean,val,7959.258064516129,10496.765623199704
2,1,Rolling Mean,test,5363.798387096775,8506.835342378428
3,1,MLP,val,3453.43888939833,5634.9032777282255
3,1,MLP,test,2541.077923962946,4641.907687249488
3,1,XGBoost,val,4151.789485995596,6246.0831868300065
3,1,XGBoost,test,1869.8735480012529,3250.346544229072
3,1,LightGBM,val,4646.783805428659,7075.250811563734
3,1,LightGBM,test,2090.662700301881,3607.8332436567835
3,1,Ridge,val,3653.1391899383116,5736.60311446861
3,1,Ridge,test,2405.289755797775,4740.320111163442
3,1,Rolling Mean,val,7959.258064516129,10496.765623199704
3,1,Rolling Mean,test,5363.798387096775,8506.835342378428
4,1,MLP,val,3107.306487589734,4827.291341187279
4,1,MLP,test,1876.4507426072262,3752.489351684531
4,1,XGBoost,val,4167.477864066937,6313.760294808561
4,1,XGBoost,test,2005.4610972438888,3474.5390226737322
4,1,LightGBM,val,4435.712811697307,6665.32007742605
4,1,LightGBM,test,1973.092528690441,3461.462191467264
4,1,Ridge,val,3653.1391899383116,5736.60311446861
4,1,Ridge,test,2405.289755797775,4740.320111163442
4,1,Rolling Mean,val,7959.258064516129,10496.765623199704
4,1,Rolling Mean,test,5363.798387096775,8506.835342378428
5,1,MLP,val,2875.4992440170445,4418.026453542624
5,1,MLP,test,1908.279853459395,3545.464230067784
5,1,XGBoost,val,4248.19802673455,6362.825208143309
5,1,XGBoost,test,2032.9196596092347,3591.4284582756227
5,1,LightGBM,val,4451.194235651835,6700.118741909407
5,1,LightGBM,test,1947.5606277059478,3331.171883350811
5,1,Ridge,val,3653.1391899383116,5736.60311446861
5,1,Ridge,test,2405.289755797775,4740.320111163442
5,1,Rolling Mean,val,7959.258064516129,10496.765623199704
5,1,Rolling Mean,test,5363.798387096775,8506.835342378428
6,1,MLP,val,2978.799959576471,4256.86277097799
6,1,MLP,test,1934.743996757217,3520.039038852616
6,1,XGBoost,val,4208.066636379895,6245.839997830383
6,1,XGBoost,test,1941.083236550728,3349.664654404218
6,1,LightGBM,val,4643.894500748166,7030.275898494439
6,1,LightGBM,test,2083.8756728916355,3684.2871911019843
6,1,Ridge,val,3653.1391899383116,5736.60311446861
6,1,Ridge,test,2405.289755797775,4740.320111163442
6,1,Rolling Mean,val,7959.258064516129,10496.765623199704
6,1,Rolling Mean,test,5363.798387096775,8506.835342378428
7,1,MLP,val,3153.1567053238223,5157.659897258624
7,1,MLP,test,2285.5575627073954,3948.382064040373
7,1,XGBoost,val,4294.0936329329725,6623.812697020724
7,1,XGBoost,test,2031.347145082379,3552.5169995759506
7,1,LightGBM,val,4557.973060093452,6930.662538932673
7,1,LightGBM,test,2055.8204153240063,3515.9079167557456
7,1,Ridge,val,3653.1391899383116,5736.60311446861
7,1,Ridge,test,2405.289755797775,4740.320111163442
7,1,Rolling Mean,val,7959.258064516129,10496.765623199704
7,1,Rolling Mean,test,5363.798387096775,8506.835342378428
8,1,MLP,val,3602.8590248374717,5968.576808040145
8,1,MLP,test,2175.342179478848,4079.0051001554416
8,1,XGBoost,val,4114.89219059072,6365.797653925234
8,1,XGBoost,test,1919.6158633065202,3374.1047935654437
8,1,LightGBM,val,4507.015038945878,6921.790657226302
8,1,LightGBM,test,2034.0799766548084,3570.2270521936166
8,1,Ridge,val,3653.1391899383116,5736.60311446861
8,1,Ridge,test,2405.289755797775,4740.320111163442
8,1,Rolling Mean,val,7959.258064516129,10496.765623199704
8,1,Rolling Mean,test,5363.798387096775,8506.835342378428
9,1,MLP,val,3081.3264719534886,4722.40776142641
9,1,MLP,test,2137.5815791112623,3727.232980823123
9,1,XGBoost,val,4155.6475288640795,6065.100479653688
9,1,XGBoost,test,1951.8545757082175,3251.9117231349737
9,1,LightGBM,val,4763.82797007567,7219.980108575016
9,1,LightGBM,test,2162.694895577622,3863.1607894932285
9,1,Ridge,val,3653.1391899383116,5736.60311446861
9,1,Ridge,test,2405.289755797775,4740.320111163442
9,1,Rolling Mean,val,7959.258064516129,10496.765623199704
9,1,Rolling Mean,test,5363.798387096775,8506.835342378428
10,1,MLP,val,3108.7365830074987,4837.057060652647
10,1,MLP,test,2049.9000712729994,3563.2793891392694
10,1,XGBoost,val,4176.707734375874,6001.97939560735
10,1,XGBoost,test,1949.0843209311954,3316.4875915018692
10,1,LightGBM,val,4565.536954924101,6853.028163015576
10,1,LightGBM,test,2064.221126845689,3570.2464673514505
10,1,Ridge,val,3653.1391899383116,5736.60311446861
10,1,Ridge,test,2405.289755797775,4740.320111163442
10,1,Rolling Mean,val,7959.258064516129,10496.765623199704
10,1,Rolling Mean,test,5363.798387096775,8506.835342378428
11,1,MLP,val,2890.4126666346083,4278.042265297644
11,1,MLP,test,2088.6764058752924,3976.9241745562017
11,1,XGBoost,val,4101.949934092296,6176.895165010184
11,1,XGBoost,test,1911.8025352812942,3395.6687722927522
11,1,LightGBM,val,4595.627077320028,7007.961383908767
11,1,LightGBM,test,2013.121832431786,3456.265982457527
11,1,Ridge,val,3653.1391899383116,5736.60311446861
11,1,Ridge,test,2405.289755797775,4740.320111163442
11,1,Rolling Mean,val,7959.258064516129,10496.765623199704
11,1,Rolling Mean,test,5363.798387096775,8506.835342378428
12,1,MLP,val,3646.568647522045,5804.530030012746
12,1,MLP,test,2204.3196532786624,4318.890514708723
12,1,XGBoost,val,4190.9382165313045,6328.505903847531
12,1,XGBoost,test,1877.3754725867639,3247.704515315173
12,1,LightGBM,val,4776.329112476559,7280.098568779117
12,1,LightGBM,test,2082.7463481107475,3729.502560313905
12,1,Ridge,val,3653.1391899383116,5736.60311446861
12,1,Ridge,test,2405.289755797775,4740.320111163442
12,1,Rolling Mean,val,7959.258064516129,10496.765623199704
12,1,Rolling Mean,test,5363.798387096775,8506.835342378428
13,1,MLP,val,2975.0203603086707,4713.066296023813
13,1,MLP,test,2212.84632517194,4076.4469513856666
13,1,XGBoost,val,4187.045137731259,6317.842073060573
13,1,XGBoost,test,2027.917890423532,3575.7924896871295
13,1,LightGBM,val,4746.709073585521,7161.4475070380395
13,1,LightGBM,test,2169.9455307674334,3871.63028720053
13,1,Ridge,val,3653.1391899383116,5736.60311446861
13,1,Ridge,test,2405.289755797775,4740.320111163442
13,1,Rolling Mean,val,7959.258064516129,10496.765623199704
13,1,Rolling Mean,test,5363.798387096775,8506.835342378428
14,1,MLP,val,2996.115766470163,4398.512090541553
14,1,MLP,test,1845.211441051478,3471.1374498348214
14,1,XGBoost,val,4294.733708850375,6327.1338206657965
14,1,XGBoost,test,1907.3306020722052,3363.67213597418
14,1,LightGBM,val,4574.044861196793,6971.663035442236
14,1,LightGBM,test,2080.4776943730935,3701.0903165516784
14,1,Ridge,val,3653.1391899383116,5736.60311446861
14,1,Ridge,test,2405.289755797775,4740.320111163442
14,1,Rolling Mean,val,7959.258064516129,10496.765623199704
14,1,Rolling Mean,test,5363.798387096775,8506.835342378428
15,1,MLP,val,3270.5312954262645,5120.8432380199365
15,1,MLP,test,1973.5007829650622,3615.4024839358467
15,1,XGBoost,val,4079.5474223260117,6008.359982298098
15,1,XGBoost,test,1731.9177930773958,2852.390434950599
15,1,LightGBM,val,4557.349969143508,6940.882882418008
15,1,LightGBM,test,2035.7976332606756,3562.833954177919
15,1,Ridge,val,3653.1391899383116,5736.60311446861
15,1,Ridge,test,2405.289755797775,4740.320111163442
15,1,Rolling Mean,val,7959.258064516129,10496.765623199704
15,1,Rolling Mean,test,5363.798387096775,8506.835342378428
1,2,MLP,val,5088.056802631917,9079.214790974282
1,2,MLP,test,3499.8000823443276,7092.3631029545295
1,2,XGBoost,val,8743.915819651784,13381.513621587259
1,2,XGBoost,test,4616.3974821408565,7730.3285794918565
1,2,LightGBM,val,9914.49711522492,14748.58686831958
1,2,LightGBM,test,4810.303626086229,8061.2487771657015
1,2,Ridge,val,5564.4317722801325,9434.151337166622
1,2,Ridge,test,3939.4320545488736,7810.7281540606355
1,2,Rolling Mean,val,11183.316666666668,14028.674211533082
1,2,Rolling Mean,test,7325.725,10743.304603430144
2,2,MLP,val,5356.791558748435,8883.46282991953
2,2,MLP,test,3439.238984130429,6766.548908530996
2,2,XGBoost,val,8720.621450952453,13342.536587781333
2,2,XGBoost,test,4584.034280937424,7618.887133302269
2,2,LightGBM,val,9635.250716919463,14232.056753647657
2,2,LightGBM,test,4803.774248592688,7858.9860770835485
2,2,Ridge,val,5564.4317722801325,9434.151337166622
2,2,Ridge,test,3939.4320545488736,7810.7281540606355
2,2,Rolling Mean,val,11183.316666666668,14028.674211533082
2,2,Rolling Mean,test,7325.725,10743.304603430144
3,2,MLP,val,5541.1396506564315,8674.98249309048
3,2,MLP,test,3774.1702679933396,7277.970042904218
3,2,XGBoost,val,8504.623714574422,13027.779836978185
3,2,XGBoost,test,4473.419445198392,7505.487637059016
3,2,LightGBM,val,9937.004485996451,14832.024418220893
3,2,LightGBM,test,4913.617728863682,7995.114612857637
3,2,Ridge,val,5564.4317722801325,9434.151337166622
3,2,Ridge,test,3939.4320545488736,7810.7281540606355
3,2,Rolling Mean,val,11183.316666666668,14028.674211533082
3,2,Rolling Mean,test,7325.725,10743.304603430144
4,2,MLP,val,5651.555873942546,8327.024032688372
4,2,MLP,test,3615.199991337214,6635.9434744972
4,2,XGBoost,val,8674.603077500446,13280.72218592258
4,2,XGBoost,test,4419.762218723102,7410.335682915169
4,2,LightGBM,val,9550.7999951047,14257.340921571636
4,2,LightGBM,test,4739.171848731856,7829.336156258608
4,2,Ridge,val,5564.4317722801325,9434.151337166622
4,2,Ridge,test,3939.4320545488736,7810.7281540606355
4,2,Rolling Mean,val,11183.316666666668,14028.674211533082
4,2,Rolling Mean,test,7325.725,10743.304603430144
5,2,MLP,val,5278.466201709397,8949.05408107517
5,2,MLP,test,3138.6924307889617,6442.384715560377
5,2,XGBoost,val,8422.668777017116,12965.92412704734
5,2,XGBoost,test,4470.273556235783,7610.292540673978
5,2,LightGBM,val,9494.037316091566,14202.925715018424
5,2,LightGBM,test,4775.381283028272,7963.489670793288
5,2,Ridge,val,5564.4317722801325,9434.151337166622
5,2,Ridge,test,3939.4320545488736,7810.7281540606355
5,2,Rolling Mean,val,11183.316666666668,14028.674211533082
5,2,Rolling Mean,test,7325.725,10743.304603430144
6,2,MLP,val,5171.894923880482,8456.708438299838
6,2,MLP,test,3293.027688467757,6269.276801674408
6,2,XGBoost,val,8563.974674109644,12906.113732715045
6,2,XGBoost,test,4518.943171894226,7675.596427275425
6,2,LightGBM,val,9736.362200393354,14577.405196139303
6,2,LightGBM,test,4865.102943050997,8026.513405920058
6,2,Ridge,val,5564.4317722801325,9434.151337166622
6,2,Ridge,test,3939.4320545488736,7810.7281540606355
6,2,Rolling Mean,val,11183.316666666668,14028.674211533082
6,2,Rolling Mean,test,7325.725,10743.304603430144
7,2,MLP,val,5858.633466570348,9103.637347707152
7,2,MLP,test,3693.742594559155,6819.729392022807
7,2,XGBoost,val,8563.134148775927,13133.397992355149
7,2,XGBoost,test,4535.782587642967,7646.382665425642
7,2,LightGBM,val,9691.666309452883,14372.021663914747
7,2,LightGBM,test,4805.298927618886,8019.254600950773
7,2,Ridge,val,5564.4317722801325,9434.151337166622
7,2,Ridge,test,3939.4320545488736,7810.7281540606355
7,2,Rolling Mean,val,11183.316666666668,14028.674211533082
7,2,Rolling Mean,test,7325.725,10743.304603430144
8,2,MLP,val,6443.64271501876,10288.045259676483
8,2,MLP,test,3649.6457333218987,7190.9274584994555
8,2,XGBoost,val,8605.681781512498,13169.169072757173
8,2,XGBoost,test,4529.624248540232,7631.992599032194
8,2,LightGBM,val,9591.10765735011,14158.598318139087
8,2,LightGBM,test,4668.242965532224,7829.373942054881
8,2,Ridge,val,5564.4317722801325,9434.151337166622
8,2,Ridge,test,3939.4320545488736,7810.7281540606355
8,2,Rolling Mean,val,11183.316666666668,14028.674211533082
8,2,Rolling Mean,test,7325.725,10743.304603430144
9,2,MLP,val,5867.858003056449,9768.614803820363
9,2,MLP,test,3324.3759437526833,6438.232067399132
9,2,XGBoost,val,8653.88092364548,13206.79914452562
9,2,XGBoost,test,4767.242184709151,7932.166333147753
9,2,LightGBM,val,9982.02793817557,14880.7963447293
9,2,LightGBM,test,4804.879045627392,7882.102116060851
9,2,Ridge,val,5564.4317722801325,9434.151337166622
9,2,Ridge,test,3939.4320545488736,7810.7281540606355
9,2,Rolling Mean,val,11183.316666666668,14028.674211533082
9,2,Rolling Mean,test,7325.725,10743.304603430144
10,2,MLP,val,5401.327383554578,9003.472857411401
10,2,MLP,test,3303.8143205209058,6562.419584838509
10,2,XGBoost,val,8913.584609320915,13597.401372537599
10,2,XGBoost,test,4359.174371801509,7163.196917372333
10,2,LightGBM,val,9597.013592580604,14343.629129799481
10,2,LightGBM,test,4839.031808294359,8039.955974360649
10,2,Ridge,val,5564.4317722801325,9434.151337166622
10,2,Ridge,test,3939.4320545488736,7810.7281540606355
10,2,Rolling Mean,val,11183.316666666668,14028.674211533082
10,2,Rolling Mean,test,7325.725,10743.304603430144
11,2,MLP,val,6373.276914396065,10538.466034315403
11,2,MLP,test,3476.332133789479,6885.87938243431
11,2,XGBoost,val,8775.977789048811,13330.398343101831
11,2,XGBoost,test,4774.857024666334,8061.280368402502
11,2,LightGBM,val,9194.95044092419,13652.718009101149
11,2,LightGBM,test,4777.052328492332,7919.313781240494
11,2,Ridge,val,5564.4317722801325,9434.151337166622
11,2,Ridge,test,3939.4320545488736,7810.7281540606355
11,2,Rolling Mean,val,11183.316666666668,14028.674211533082
11,2,Rolling Mean,test,7325.725,10743.304603430144
12,2,MLP,val,6715.639201989285,10781.479055338988
12,2,MLP,test,3903.9644952485123,7411.156728889214
12,2,XGBoost,val,8394.820356639688,12653.641398268486
12,2,XGBoost,test,4557.941302196978,7574.641909813778
12,2,LightGBM,val,9570.007219756655,14165.236278358194
12,2,LightGBM,test,4824.242748830233,7995.9800172414925
12,2,Ridge,val,5564.4317722801325,9434.151337166622
12,2,Ridge,test,3939.4320545488736,7810.7281540606355
12,2,Rolling Mean,val,11183.316666666668,14028.674211533082
12,2,Rolling Mean,test,7325.725,10743.304603430144
13,2,MLP,val,5905.899651468866,9142.86404761343
13,2,MLP,test,3721.793776887604,7140.223970628007
13,2,XGBoost,val,8497.449625779527,13059.279629489036
13,2,XGBoost,test,4524.031855958311,7702.398354163134
13,2,LightGBM,val,9845.27921175364,14647.84012593552
13,2,LightGBM,test,4894.805423335303,7989.8015935190715
13,2,Ridge,val,5564.4317722801325,9434.151337166622
13,2,Ridge,test,3939.4320545488736,7810.7281540606355
13,2,Rolling Mean,val,11183.316666666668,14028.674211533082
13,2,Rolling Mean,test,7325.725,10743.304603430144
14,2,MLP,val,5474.55973646588,9659.873669078606
14,2,MLP,test,3041.259775724576,6062.970253501215
14,2,XGBoost,val,8788.280279282899,13428.2190110132
14,2,XGBoost,test,4854.700235659156,8236.709163773809
14,2,LightGBM,val,9547.47892795149,14285.162085871354
14,2,LightGBM,test,4839.6644222925925,7965.885790833857
14,2,Ridge,val,5564.4317722801325,9434.151337166622
14,2,Ridge,test,3939.4320545488736,7810.7281540606355
14,2,Rolling Mean,val,11183.316666666668,14028.674211533082
14,2,Rolling Mean,test,7325.725,10743.304603430144
15,2,MLP,val,4987.184975989108,8575.545555413935
15,2,MLP,test,3867.964188358194,7558.295989024353
15,2,XGBoost,val,8872.365860222286,13520.36613361169
15,2,XGBoost,test,4564.544565545651,7604.9686536363415
15,2,LightGBM,val,9535.439851931662,14264.643750233623
15,2,LightGBM,test,4668.29784265069,7740.292057663217
15,2,Ridge,val,5564.4317722801325,9434.151337166622
15,2,Ridge,test,3939.4320545488736,7810.7281540606355
15,2,Rolling Mean,val,11183.316666666668,14028.674211533082
15,2,Rolling Mean,test,7325.725,10743.304603430144
1,3,MLP,val,7723.34441310076,12509.435237723907
1,3,MLP,test,4606.955835360207,8917.538549898509
1,3,XGBoost,val,11137.80763056158,16495.3420010974
1,3,XGBoost,test,6543.251736173374,10260.939195435496
1,3,LightGBM,val,12693.888006082185,18176.782926967942
1,3,LightGBM,test,6938.344391737904,10547.03633492635
1,3,Ridge,val,7647.620360760297,12709.463693306478
1,3,Ridge,test,4917.516168037781,9477.28742865508
1,3,Rolling Mean,val,14164.543103448275,17365.749528525972
1,3,Rolling Mean,test,8826.525862068966,12406.655159023072
2,3,MLP,val,7266.762778834245,12052.416756041335
2,3,MLP,test,5237.171368198747,9295.445439586138
2,3,XGBoost,val,11038.364765822751,16471.558391422495
2,3,XGBoost,test,6516.516335389796,10247.091770969733
2,3,LightGBM,val,12673.61313624313,18266.068165934666
2,3,LightGBM,test,6784.660423223001,10402.757374027016
2,3,Ridge,val,7647.620360760297,12709.463693306478
2,3,Ridge,test,4917.516168037781,9477.28742865508
2,3,Rolling Mean,val,14164.543103448275,17365.749528525972
2,3,Rolling Mean,test,8826.525862068966,12406.655159023072
3,3,MLP,val,7700.569754810647,12136.386079090391
3,3,MLP,test,4628.481155010482,9178.613572769062
3,3,XGBoost,val,11643.343123806268,16933.67469785662
3,3,XGBoost,test,6741.895819406484,10315.512190992058
3,3,LightGBM,val,12885.349436409417,18474.319541351044
3,3,LightGBM,test,6688.275406648271,10348.925163612701
3,3,Ridge,val,7647.620360760297,12709.463693306478
3,3,Ridge,test,4917.516168037781,9477.28742865508
3,3,Rolling Mean,val,14164.543103448275,17365.749528525972
3,3,Rolling Mean,test,8826.525862068966,12406.655159023072
4,3,MLP,val,8015.389162551792,13306.94980934511
4,3,MLP,test,4399.10012820692,8940.474225640644
4,3,XGBoost,val,11597.995554400217,16983.681324566878
4,3,XGBoost,test,6597.443258608523,10284.611375619086
4,3,LightGBM,val,12649.124764854585,18127.803114130307
4,3,LightGBM,test,6886.514451496983,10456.582776835054
4,3,Ridge,val,7647.620360760297,12709.463693306478
4,3,Ridge,test,4917.516168037781,9477.28742865508
4,3,Rolling Mean,val,14164.543103448275,17365.749528525972
4,3,Rolling Mean,test,8826.525862068966,12406.655159023072
5,3,MLP,val,7176.509597188518,11878.41406243634
5,3,MLP,test,4692.921837850844,8830.339262954349
5,3,XGBoost,val,11268.49379463537,16691.084229388594
5,3,XGBoost,test,6899.141152222126,10526.48254139869
5,3,LightGBM,val,12679.128387443376,18304.260405700796
5,3,LightGBM,test,6858.312591892441,10469.589717500292
5,3,Ridge,val,7647.620360760297,12709.463693306478
5,3,Ridge,test,4917.516168037781,9477.28742865508
5,3,Rolling Mean,val,14164.543103448275,17365.749528525972
5,3,Rolling Mean,test,8826.525862068966,12406.655159023072
6,3,MLP,val,7004.862975269535,11958.48452913618
6,3,MLP,test,5046.011119816358,8916.706364061933
6,3,XGBoost,val,11717.94733473973,17149.34796471506
6,3,XGBoost,test,6740.4260511474695,10291.535814948222
6,3,LightGBM,val,12517.005640921992,18215.63111257263
6,3,LightGBM,test,6919.903891289516,10421.490911516934
6,3,Ridge,val,7647.620360760297,12709.463693306478
6,3,Ridge,test,4917.516168037781,9477.28742865508
6,3,Rolling Mean,val,14164.543103448275,17365.749528525972
6,3,Rolling Mean,test,8826.525862068966,12406.655159023072
7,3,MLP,val,8492.82239049093,13336.97464974797
7,3,MLP,test,4997.587056553895,9616.364671498945
7,3,XGBoost,val,11200.110840151086,16374.227732630108
7,3,XGBoost,test,6522.729286055718,10237.590161185892
7,3,LightGBM,val,12537.846276576887,18010.66192772292
7,3,LightGBM,test,6738.353953931133,10309.499744289218
7,3,Ridge,val,7647.620360760297,12709.463693306478
7,3,Ridge,test,4917.516168037781,9477.28742865508
7,3,Rolling Mean,val,14164.543103448275,17365.749528525972
7,3,Rolling Mean,test,8826.525862068966,12406.655159023072
8,3,MLP,val,9793.30174214868,15276.352393570249
8,3,MLP,test,4752.029292716071,9369.22831424524
8,3,XGBoost,val,11415.232282761586,16765.52893363675
8,3,XGBoost,test,6790.310629614169,10383.882897345014
8,3,LightGBM,val,12599.230587188942,18158.744065621697
8,3,LightGBM,test,6854.441439979464,10451.913231456045
8,3,Ridge,val,7647.620360760297,12709.463693306478
8,3,Ridge,test,4917.516168037781,9477.28742865508
8,3,Rolling Mean,val,14164.543103448275,17365.749528525972
8,3,Rolling Mean,test,8826.525862068966,12406.655159023072
9,3,MLP,val,8343.37533305742,13407.558590462062
9,3,MLP,test,4435.835835107855,8659.725287149391
9,3,XGBoost,val,11530.567994561512,16987.046977437538
9,3,XGBoost,test,6761.487792156012,10406.687242485319
9,3,LightGBM,val,13271.246442472022,18787.316300910537
9,3,LightGBM,test,6939.509755069233,10424.916918747596
9,3,Ridge,val,7647.620360760297,12709.463693306478
9,3,Ridge,test,4917.516168037781,9477.28742865508
9,3,Rolling Mean,val,14164.543103448275,17365.749528525972
9,3,Rolling Mean,test,8826.525862068966,12406.655159023072
10,3,MLP,val,7851.06775235354,12640.755817174755
10,3,MLP,test,4366.734013347946,8799.381947300995
10,3,XGBoost,val,11762.90085424207,17085.60198407335
10,3,XGBoost,test,6882.170080878008,10491.061584572024
10,3,LightGBM,val,12307.201202209462,17779.368974923767
10,3,LightGBM,test,6807.032796290936,10451.959520967128
10,3,Ridge,val,7647.620360760297,12709.463693306478
10,3,Ridge,test,4917.516168037781,9477.28742865508
10,3,Rolling Mean,val,14164.543103448275,17365.749528525972
10,3,Rolling Mean,test,8826.525862068966,12406.655159023072
11,3,MLP,val,8254.466899000307,13345.361584964166
11,3,MLP,test,5005.012277325906,9376.852449048405
11,3,XGBoost,val,11911.78591006362,17309.161742738244
11,3,XGBoost,test,6673.211936688022,10397.861194177181
11,3,LightGBM,val,12482.462729753235,18165.003885603837
11,3,LightGBM,test,6867.587072768145,10315.33671370492
11,3,Ridge,val,7647.620360760297,12709.463693306478
11,3,Ridge,test,4917.516168037781,9477.28742865508
11,3,Rolling Mean,val,14164.543103448275,17365.749528525972
11,3,Rolling Mean,test,8826.525862068966,12406.655159023072
12,3,MLP,val,9031.236092942683,13854.099823677076
12,3,MLP,test,5158.961694477171,8991.811645301555
12,3,XGBoost,val,11311.965969830502,16612.416339829997
12,3,XGBoost,test,6945.474066014258,10522.357945381935
12,3,LightGBM,val,12765.649630652408,18405.252109770525
12,3,LightGBM,test,6819.211562786472,10480.396827756536
12,3,Ridge,val,7647.620360760297,12709.463693306478
12,3,Ridge,test,4917.516168037781,9477.28742865508
12,3,Rolling Mean,val,14164.543103448275,17365.749528525972
12,3,Rolling Mean,test,8826.525862068966,12406.655159023072
13,3,MLP,val,8119.142383116479,12962.638929607452
13,3,MLP,test,4982.548260489311,9274.629253932462
13,3,XGBoost,val,11447.64892615174,16724.4902906022
13,3,XGBoost,test,6650.569856709002,10336.182920424362
13,3,LightGBM,val,12897.098961760334,18583.467586728108
13,3,LightGBM,test,6817.475049867597,10474.93542714533
13,3,Ridge,val,7647.620360760297,12709.463693306478
13,3,Ridge,test,4917.516168037781,9477.28742865508
13,3,Rolling Mean,val,14164.543103448275,17365.749528525972
13,3,Rolling Mean,test,8826.525862068966,12406.655159023072
14,3,MLP,val,7910.748769607792,13177.350543036902
14,3,MLP,test,4804.046392103919,9033.831585818543
14,3,XGBoost,val,11403.747035839438,16919.037192549677
14,3,XGBoost,test,6930.722850206256,10568.745368038884
14,3,LightGBM,val,12444.71678377997,17918.921619817964
14,3,LightGBM,test,6897.706036150823,10458.250708267811
14,3,Ridge,val,7647.620360760297,12709.463693306478
14,3,Ridge,test,4917.516168037781,9477.28742865508
14,3,Rolling Mean,val,14164.543103448275,17365.749528525972
14,3,Rolling Mean,test,8826.525862068966,12406.655159023072
15,3,MLP,val,6412.209754199586,10698.679369606332
15,3,MLP,test,5099.574035718695,9950.040823027297
15,3,XGBoost,val,11575.43791117322,17018.266683642923
15,3,XGBoost,test,6728.11119742296,10469.799023093175
15,3,LightGBM,val,12668.485978166853,18271.497982548965
15,3,LightGBM,test,6862.585998138506,10439.135585986473
15,3,Ridge,val,7647.620360760297,12709.463693306478
15,3,Ridge,test,4917.516168037781,9477.28742865508
15,3,Rolling Mean,val,14164.543103448275,17365.749528525972
15,3,Rolling Mean,test,8826.525862068966,12406.655159023072
1,4,MLP,val,9095.624659373932,13727.640115482085
1,4,MLP,test,5743.637664068195,9996.708104732823
1,4,XGBoost,val,13288.38963127734,19006.463545842747
1,4,XGBoost,test,7671.572866311404,11340.129968833917
1,4,LightGBM,val,14233.934344309328,20665.975648203752
1,4,LightGBM,test,7488.295081407624,11118.899076709848
1,4,Ridge,val,9780.353832064675,15613.989401937108
1,4,Ridge,test,5303.434353878573,9569.334971413842
1,4,Rolling Mean,val,17288.54464285714,20605.19540300412
1,4,Rolling Mean,test,10372.098214285714,13743.03773709814
2,4,MLP,val,9659.20154050193,15800.482886565998
2,4,MLP,test,5352.472588150524,9637.193027813379
2,4,XGBoost,val,13102.989423287976,18827.975143391122
2,4,XGBoost,test,7661.43963132128,11316.403101103457
2,4,LightGBM,val,14441.015544111378,20771.88854745379
2,4,LightGBM,test,7700.528510446733,11307.351813372226
2,4,Ridge,val,9780.353832064675,15613.989401937108
2,4,Ridge,test,5303.434353878573,9569.334971413842
2,4,Rolling Mean,val,17288.54464285714,20605.19540300412
2,4,Rolling Mean,test,10372.098214285714,13743.03773709814
3,4,MLP,val,9440.666337817338,14703.392837971709
3,4,MLP,test,5398.117052263447,9478.970165818118
3,4,XGBoost,val,12658.350194012672,18529.2945980049
3,4,XGBoost,test,7405.957945521087,10971.273016046915
3,4,LightGBM,val,14167.965622680804,20668.516204987423
3,4,LightGBM,test,7535.935110258354,11189.638350562072
3,4,Ridge,val,9780.353832064675,15613.989401937108
3,4,Ridge,test,5303.434353878573,9569.334971413842
3,4,Rolling Mean,val,17288.54464285714,20605.19540300412
3,4,Rolling Mean,test,10372.098214285714,13743.03773709814
4,4,MLP,val,11089.45929826784,16814.76304632893
4,4,MLP,test,4990.40950632368,9430.548438360258
4,4,XGBoost,val,13201.427718264571,18908.23103911209
4,4,XGBoost,test,7475.314666816414,11105.522046780192
4,4,LightGBM,val,14505.088927664741,20797.51541685627
4,4,LightGBM,test,7724.625967790805,11320.180641663037
4,4,Ridge,val,9780.353832064675,15613.989401937108
4,4,Ridge,test,5303.434353878573,9569.334971413842
4,4,Rolling Mean,val,17288.54464285714,20605.19540300412
4,4,Rolling Mean,test,10372.098214285714,13743.03773709814
5,4,MLP,val,8736.145099588983,14307.266856680264
5,4,MLP,test,5043.460754549756,9109.555411782705
5,4,XGBoost,val,13537.254595064389,19172.978931513957
5,4,XGBoost,test,7846.939770751997,11385.66858316144
5,4,LightGBM,val,14138.624304159157,20537.10185092048
5,4,LightGBM,test,7460.744526576159,11095.677938399993
5,4,Ridge,val,9780.353832064675,15613.989401937108
5,4,Ridge,test,5303.434353878573,9569.334971413842
5,4,Rolling Mean,val,17288.54464285714,20605.19540300412
5,4,Rolling Mean,test,10372.098214285714,13743.03773709814
6,4,MLP,val,9570.427427975295,15399.034195278422
6,4,MLP,test,5933.371798784106,9818.375511994976
6,4,XGBoost,val,13338.687327702504,19058.572074412976
6,4,XGBoost,test,7643.438521128653,11275.307153101074
6,4,LightGBM,val,14188.59783810804,20577.673034677424
6,4,LightGBM,test,7819.372992498829,11342.981514664556
6,4,Ridge,val,9780.353832064675,15613.989401937108
6,4,Ridge,test,5303.434353878573,9569.334971413842
6,4,Rolling Mean,val,17288.54464285714,20605.19540300412
6,4,Rolling Mean,test,10372.098214285714,13743.03773709814
7,4,MLP,val,11265.57050360016,16834.820843045356
7,4,MLP,test,5201.211937067516,9634.514724050232
7,4,XGBoost,val,13166.585971328936,18887.323445397218
7,4,XGBoost,test,7654.101861624267,11342.021414899811
7,4,LightGBM,val,14507.371476656293,20738.021312962428
7,4,LightGBM,test,7572.938001974945,11198.691087572519
7,4,Ridge,val,9780.353832064675,15613.989401937108
7,4,Ridge,test,5303.434353878573,9569.334971413842
7,4,Rolling Mean,val,17288.54464285714,20605.19540300412
7,4,Rolling Mean,test,10372.098214285714,13743.03773709814
8,4,MLP,val,11408.074518815707,17073.194635735163
8,4,MLP,test,5423.328599918133,9781.128732029169
8,4,XGBoost,val,12695.480512983273,18591.53737482673
8,4,XGBoost,test,7608.49556340859,11252.39108274921
8,4,LightGBM,val,14573.174785715715,20930.376412618232
8,4,LightGBM,test,7661.016623117513,11203.119955997186
8,4,Ridge,val,9780.353832064675,15613.989401937108
8,4,Ridge,test,5303.434353878573,9569.334971413842
8,4,Rolling Mean,val,17288.54464285714,20605.19540300412
8,4,Rolling Mean,test,10372.098214285714,13743.03773709814
9,4,MLP,val,9988.774756465116,15363.286991753554
9,4,MLP,test,4863.833495710416,8787.632990691296
9,4,XGBoost,val,13327.577244762859,18892.6306813414
9,4,XGBoost,test,7959.754962787165,11542.785099950332
9,4,LightGBM,val,14267.968386900608,20761.002635044388
9,4,LightGBM,test,7401.12039882468,11054.94347918762
9,4,Ridge,val,9780.353832064675,15613.989401937108
9,4,Ridge,test,5303.434353878573,9569.334971413842
9,4,Rolling Mean,val,17288.54464285714,20605.19540300412
9,4,Rolling Mean,test,10372.098214285714,13743.03773709814
10,4,MLP,val,9671.005371952271,15085.283379032497
10,4,MLP,test,5166.27455805908,9421.90332153081
10,4,XGBoost,val,12958.754528351028,18711.540409944082
10,4,XGBoost,test,7725.656366935755,11316.754410966281
10,4,LightGBM,val,14400.707302180821,20701.88862739886
10,4,LightGBM,test,7639.098299606334,11318.373516617758
10,4,Ridge,val,9780.353832064675,15613.989401937108
10,4,Ridge,test,5303.434353878573,9569.334971413842
10,4,Rolling Mean,val,17288.54464285714,20605.19540300412
10,4,Rolling Mean,test,10372.098214285714,13743.03773709814
11,4,MLP,val,9711.66628584961,15243.318915068283
11,4,MLP,test,5634.073136252208,9870.54079401057
11,4,XGBoost,val,13113.459395994461,18851.730538013067
11,4,XGBoost,test,7608.006695314244,11209.303477205638
11,4,LightGBM,val,14080.360112090537,20543.48672897458
11,4,LightGBM,test,7560.338698355713,11180.052701135797
11,4,Ridge,val,9780.353832064675,15613.989401937108
11,4,Ridge,test,5303.434353878573,9569.334971413842
11,4,Rolling Mean,val,17288.54464285714,20605.19540300412
11,4,Rolling Mean,test,10372.098214285714,13743.03773709814
12,4,MLP,val,10017.91896767749,14006.776484785414
12,4,MLP,test,5487.500301578164,8954.35453070926
12,4,XGBoost,val,13140.819798534974,18909.332049810102
12,4,XGBoost,test,7943.290881137783,11502.913085759323
12,4,LightGBM,val,14194.772307833495,20655.845162754504
12,4,LightGBM,test,7662.156861979776,11251.775764029882
12,4,Ridge,val,9780.353832064675,15613.989401937108
12,4,Ridge,test,5303.434353878573,9569.334971413842
12,4,Rolling Mean,val,17288.54464285714,20605.19540300412
12,4,Rolling Mean,test,10372.098214285714,13743.03773709814
13,4,MLP,val,9909.361110129166,15231.572125880546
13,4,MLP,test,6037.419716695544,9991.893532527602
13,4,XGBoost,val,13289.993866718349,18913.84892986804
13,4,XGBoost,test,7816.879022442495,11455.647153050144
13,4,LightGBM,val,14283.700743306703,20641.771957291894
13,4,LightGBM,test,7422.182316049221,11166.928620607088
13,4,Ridge,val,9780.353832064675,15613.989401937108
13,4,Ridge,test,5303.434353878573,9569.334971413842
13,4,Rolling Mean,val,17288.54464285714,20605.19540300412
13,4,Rolling Mean,test,10372.098214285714,13743.03773709814
14,4,MLP,val,10073.54855450448,15844.713796232945
14,4,MLP,test,5243.033667687487,9382.061704138909
14,4,XGBoost,val,13114.368593459794,18858.946452200034
14,4,XGBoost,test,7804.766031403684,11310.164039748615
14,4,LightGBM,val,14045.678180206405,20494.395505650744
14,4,LightGBM,test,7727.636934177833,11321.070280646501
14,4,Ridge,val,9780.353832064675,15613.989401937108
14,4,Ridge,test,5303.434353878573,9569.334971413842
14,4,Rolling Mean,val,17288.54464285714,20605.19540300412
14,4,Rolling Mean,test,10372.098214285714,13743.03773709814
15,4,MLP,val,8067.609678825333,12907.902898732165
15,4,MLP,test,4916.79259400834,9418.071893145374
15,4,XGBoost,val,13051.400940396788,18799.96861970895
15,4,XGBoost,test,7661.851787031591,11154.72786263755
15,4,LightGBM,val,14327.818698980342,20646.20362016655
15,4,LightGBM,test,7635.193543620228,11367.707339421622
15,4,Ridge,val,9780.353832064675,15613.989401937108
15,4,Ridge,test,5303.434353878573,9569.334971413842
15,4,Rolling Mean,val,17288.54464285714,20605.19540300412
15,4,Rolling Mean,test,10372.098214285714,13743.03773709814
